region,date,median,lower_90,upper_90,lower_50,upper_50,confidence
Amazonas,2020-03-07,1,1,1,1,1,1
Amazonas,2020-03-08,0,0,0,0,0,1
Amazonas,2020-03-09,0.5,0,1,0,1,1
Amazonas,2020-03-10,0.5,0,1,0,1,1
Amazonas,2020-03-11,0,0,1,0,0,1
Amazonas,2020-03-12,0,0,1,0,0,1
Amazonas,2020-03-13,0,0,1,0,0,1
Amazonas,2020-03-14,0,0,1,0,0,1
Amazonas,2020-03-15,0,0,1,0,0,1
Amazonas,2020-03-16,0,0,1,0,0,1
Amazonas,2020-03-17,0,0,1,0,0,1
Amazonas,2020-03-18,0,0,1,0,0,1
Amazonas,2020-03-19,0,0,1,0,0,1
Amazonas,2020-03-20,0,0,1,0,0,1
Amazonas,2020-03-21,0,0,1,0,0,1
Amazonas,2020-03-22,0,0,1,0,0,1
Amazonas,2020-03-23,0,0,1,0,0,1
Amazonas,2020-03-24,0,0,1,0,0,1
Amazonas,2020-03-25,0,0,1,0,0,1
Amazonas,2020-03-26,0,0,1,0,0,1
Amazonas,2020-03-27,0,0,1,0,0,1
Amazonas,2020-03-28,0,0,1,0,0,1
Amazonas,2020-03-29,0,0,1,0,0,1
Amazonas,2020-03-30,0,0,1,0,0,1
Amazonas,2020-03-31,1,0,2,0,1,1
Amazonas,2020-04-01,1,0,2,0,1,1
Amazonas,2020-04-02,1,0,2,0,1,1
Amazonas,2020-04-03,1,0,3,0,1,1
Amazonas,2020-04-04,1,0,3,0,1,1
Amazonas,2020-04-05,1,0,3,0,1,1
Amazonas,2020-04-06,2,0,4,1,2,1
Amazonas,2020-04-07,2,0,5,0,2,1
Amazonas,2020-04-08,3,0,6,1,3,1
Amazonas,2020-04-09,3,0,7,2,4,1
Amazonas,2020-04-10,4,1,8,1,4,1
Amazonas,2020-04-11,5,1,9,2,5,1
Amazonas,2020-04-12,6,1,11,4,7,1
Amazonas,2020-04-13,8,2,13,5,9,1
Amazonas,2020-04-14,9,3,15,7,11,1
Amazonas,2020-04-15,11,4,17,7,12,1
Amazonas,2020-04-16,13,6,20,9,14,1
Amazonas,2020-04-17,16,8,23,11,17,1
Amazonas,2020-04-18,18,9,25,14,20,1
Amazonas,2020-04-19,21,11,28,15,22,1
Amazonas,2020-04-20,24,14,33,19,26,1
Amazonas,2020-04-21,26,16,36,23,30,1
Amazonas,2020-04-22,30,19,39,24,32,1
Amazonas,2020-04-23,33,23,44,29,37,1
Amazonas,2020-04-24,36,24,47,30,39,1
Amazonas,2020-04-25,40,30,52,34,43,1
Amazonas,2020-04-26,45,33,57,37,47,1
Amazonas,2020-04-27,49,35,60,41,51,1
Amazonas,2020-04-28,53,41,66,50,60,1
Amazonas,2020-04-29,58,46,70,52,62,1
Amazonas,2020-04-30,61,50,73,54,64,1
Amazonas,2020-05-01,65,50,76,59,69,1
Amazonas,2020-05-02,68,54,80,62,72,1
Amazonas,2020-05-03,70,56,82,63,73,1
Amazonas,2020-05-04,70,57,84,63,74,1
Amazonas,2020-05-05,70,54,81,61,72,1
Amazonas,2020-05-06,69,54,82,61,72,1
Amazonas,2020-05-07,68,53,80,59,70,1
Amazonas,2020-05-08,64,52,78,55,66,1
Amazonas,2020-05-09,61,46,71,55,64,1
Amazonas,2020-05-10,58,45,69,51,61,1
Amazonas,2020-05-11,56,45,68,49,59,1
Amazonas,2020-05-12,55,42,65,50,59,1
Amazonas,2020-05-13,54,41,65,46,56,1
Amazonas,2020-05-14,52,40,63,45,54,1
Amazonas,2020-05-15,51,38,62,44,54,1
Amazonas,2020-05-16,49,39,60,45,53,1
Amazonas,2020-05-17,46,36,57,42,50,1
Amazonas,2020-05-18,45,33,55,37,46,1
Amazonas,2020-05-19,44,33,54,38,46,1
Amazonas,2020-05-20,43,31,53,36,45,1
Amazonas,2020-05-21,41,29,52,34,43,1
Amazonas,2020-05-22,38,26,48,31,40,1
Amazonas,2020-05-23,34,23,45,30,38,1
Amazonas,2020-05-24,29,21,39,25,32,1
Amazonas,2020-05-25,25,17,33,21,27,1
Amazonas,2020-05-26,22,13,28,18,24,1
Amazonas,2020-05-27,21,13,27,16,22,1
Amazonas,2020-05-28,21,14,28,18,23,1
Amazonas,2020-05-29,21,12,26,17,22,1
Amazonas,2020-05-30,21,13,27,16,22,1
Amazonas,2020-05-31,20,12,27,18,23,1
Amazonas,2020-06-01,19,12,26,14,20,1
Amazonas,2020-06-02,18,12,25,15,20,1
Amazonas,2020-06-03,17,10,23,13,18,1
Amazonas,2020-06-04,16,10,22,11,16,1
Amazonas,2020-06-05,15,9,21,11,16,1
Amazonas,2020-06-06,14,7,19,10,15,1
Amazonas,2020-06-07,13,7,18,10,14,1
Amazonas,2020-06-08,12,7,18,9,13,1
Amazonas,2020-06-09,12,7,17,8,12,0.99
Amazonas,2020-06-10,11,6,16,8,12,0.99
Amazonas,2020-06-11,10,6,15,8,11,0.99
Amazonas,2020-06-12,10,4,14,6,10,0.99
Amazonas,2020-06-13,9,4,14,6,10,0.98
Amazonas,2020-06-14,9,4,13,5,9,0.98
Amazonas,2020-06-15,9,3,13,6,10,0.97
Amazonas,2020-06-16,10,5,14,6,10,0.96
Amazonas,2020-06-17,10,4,14,7,11,0.95
Amazonas,2020-06-18,11,5,16,8,12,0.94
Amazonas,2020-06-19,12,6,17,9,13,0.92
Amazonas,2020-06-20,12,6,18,8,13,0.9
Amazonas,2020-06-21,13,6,19,9,14,0.88
Amazonas,2020-06-22,14,8,21,9,14,0.84
Amazonas,2020-06-23,15,8,22,11,16,0.8
Amazonas,2020-06-24,15,6,23,9,16,0.74
Antioquia,2020-02-29,1,1,1,1,1,1
Antioquia,2020-03-01,0.5,0,1,0,1,1
Antioquia,2020-03-02,0,0,0,0,0,1
Antioquia,2020-03-03,0,0,0,0,0,1
Antioquia,2020-03-04,0,0,1,0,0,1
Antioquia,2020-03-05,0,0,1,0,0,1
Antioquia,2020-03-06,0,0,1,0,0,1
Antioquia,2020-03-07,0,0,1,0,0,1
Antioquia,2020-03-08,0,0,1,0,0,1
Antioquia,2020-03-09,0,0,1,0,0,1
Antioquia,2020-03-10,0,0,1,0,0,1
Antioquia,2020-03-11,0,0,1,0,0,1
Antioquia,2020-03-12,0,0,1,0,0,1
Antioquia,2020-03-13,0,0,1,0,0,1
Antioquia,2020-03-14,0,0,1,0,0,1
Antioquia,2020-03-15,0,0,1,0,0,1
Antioquia,2020-03-16,0,0,1,0,0,1
Antioquia,2020-03-17,0,0,1,0,0,1
Antioquia,2020-03-18,0,0,1,0,0,1
Antioquia,2020-03-19,0,0,1,0,0,1
Antioquia,2020-03-20,0,0,1,0,0,1
Antioquia,2020-03-21,0,0,2,0,0,1
Antioquia,2020-03-22,1,0,2,0,1,1
Antioquia,2020-03-23,1,0,2,0,1,1
Antioquia,2020-03-24,1,0,2,0,1,1
Antioquia,2020-03-25,1,0,3,0,1,1
Antioquia,2020-03-26,1,0,3,0,1,1
Antioquia,2020-03-27,1,0,4,0,1,1
Antioquia,2020-03-28,2,0,4,1,2,1
Antioquia,2020-03-29,2,0,5,0,2,1
Antioquia,2020-03-30,3,0,6,1,3,1
Antioquia,2020-03-31,3,0,7,2,4,1
Antioquia,2020-04-01,4,0,8,1,4,1
Antioquia,2020-04-02,5,1,10,3,6,1
Antioquia,2020-04-03,7,2,12,3,7,1
Antioquia,2020-04-04,8,2,14,6,10,1
Antioquia,2020-04-05,10,3,16,6,11,1
Antioquia,2020-04-06,13,5,19,7,13,1
Antioquia,2020-04-07,15,7,22,11,17,1
Antioquia,2020-04-08,18,10,26,16,22,1
Antioquia,2020-04-09,21,14,30,15,22,1
Antioquia,2020-04-10,25,15,33,20,27,1
Antioquia,2020-04-11,29,19,38,24,31,1
Antioquia,2020-04-12,33,22,41,29,36,1
Antioquia,2020-04-13,36,27,45,32,39,1
Antioquia,2020-04-14,39,27,49,33,41,1
Antioquia,2020-04-15,40,28,52,32,42,1
Antioquia,2020-04-16,39,28,53,32,42,1
Antioquia,2020-04-17,35,21,48,28,39,1
Antioquia,2020-04-18,29,17,42,21,31,1
Antioquia,2020-04-19,21,10,31,16,24,1
Antioquia,2020-04-20,13,5,21,7,13,1
Antioquia,2020-04-21,7,3,12,3,7,1
Antioquia,2020-04-22,5,1,8,2,5,1
Antioquia,2020-04-23,4,0,7,3,5,1
Antioquia,2020-04-24,4,0,7,3,5,1
Antioquia,2020-04-25,5,1,8,3,5,1
Antioquia,2020-04-26,5,1,8,2,5,1
Antioquia,2020-04-27,5,2,9,2,5,1
Antioquia,2020-04-28,6,2,10,3,6,1
Antioquia,2020-04-29,6,3,11,4,7,1
Antioquia,2020-04-30,7,3,12,3,7,1
Antioquia,2020-05-01,8,3,13,5,9,1
Antioquia,2020-05-02,10,3,15,7,11,1
Antioquia,2020-05-03,11,5,17,8,12,1
Antioquia,2020-05-04,12,5,18,8,13,1
Antioquia,2020-05-05,14,6,20,10,15,1
Antioquia,2020-05-06,16,8,23,9,16,1
Antioquia,2020-05-07,18,10,26,14,20,1
Antioquia,2020-05-08,21,11,28,15,22,1
Antioquia,2020-05-09,23,13,31,19,26,1
Antioquia,2020-05-10,26,16,35,21,28,1
Antioquia,2020-05-11,29,18,39,24,32,1
Antioquia,2020-05-12,33,21,42,29,37,1
Antioquia,2020-05-13,36,26,47,31,39,1
Antioquia,2020-05-14,40,29,51,34,43,1
Antioquia,2020-05-15,44,32,54,38,47,1
Antioquia,2020-05-16,48,35,57,41,50,1
Antioquia,2020-05-17,52,40,62,45,54,1
Antioquia,2020-05-18,54,42,64,48,57,1
Antioquia,2020-05-19,56,42,66,49,59,1
Antioquia,2020-05-20,56,42,66,53,62,1
Antioquia,2020-05-21,55,42,65,49,58,1
Antioquia,2020-05-22,54,41,65,47,57,1
Antioquia,2020-05-23,54,40,65,47,57,1
Antioquia,2020-05-24,54,40,66,45,56,1
Antioquia,2020-05-25,57,41,68,50,60,1
Antioquia,2020-05-26,60,45,72,52,63,1
Antioquia,2020-05-27,64,49,77,56,67,1
Antioquia,2020-05-28,67,52,81,58,70,1
Antioquia,2020-05-29,70,54,85,61,73,1
Antioquia,2020-05-30,73,58,90,67,79,1
Antioquia,2020-05-31,77,61,93,68,81,1
Antioquia,2020-06-01,82,65,98,73,86,1
Antioquia,2020-06-02,86,68,102,76,90,1
Antioquia,2020-06-03,91,72,109,81,96,1
Antioquia,2020-06-04,96,76,115,85,100,1
Antioquia,2020-06-05,103,79,122,89,108,1
Antioquia,2020-06-06,110,89,130,97,114,1
Antioquia,2020-06-07,118,98,141,106,123,1
Antioquia,2020-06-08,127,102,146,116,134,1
Antioquia,2020-06-09,133,112,154,119,137,1
Antioquia,2020-06-10,140,117,162,127,145,1
Antioquia,2020-06-11,147,122,171,134,153,1
Antioquia,2020-06-12,154,128,179,143,163,1
Antioquia,2020-06-13,161,134,188,147,169,1
Antioquia,2020-06-14,170,142,200,153,177,1
Antioquia,2020-06-15,179,149,211,162,186,1
Antioquia,2020-06-16,192,157,222,176,202,1
Antioquia,2020-06-17,202,168,234,184,211,1
Antioquia,2020-06-18,217,182,250,198,227,0.99
Antioquia,2020-06-19,234.5,196,264,221,248,0.99
Antioquia,2020-06-20,250,212,283,239,266,0.99
Antioquia,2020-06-21,266,225,301,249,279,0.99
Antioquia,2020-06-22,281,245,321,263,293,0.98
Antioquia,2020-06-23,300,261,337,282,313,0.98
Antioquia,2020-06-24,317,278,354,298,330,0.97
Antioquia,2020-06-25,337.5,297,372,320,353,0.97
Antioquia,2020-06-26,360,321,398,339,370,0.96
Antioquia,2020-06-27,380,343,424,362,394,0.94
Antioquia,2020-06-28,400,361,436,386,414,0.93
Antioquia,2020-06-29,420,380,452,403,432,0.91
Antioquia,2020-06-30,437,398,472,425,453,0.88
Antioquia,2020-07-01,450,412,487,431,462,0.85
Antioquia,2020-07-02,462,425,499,449,479,0.81
Arauca,2020-04-04,1,1,1,1,1,1
Arauca,2020-04-05,0,0,0,0,0,1
Arauca,2020-04-06,0.5,0,1,0,1,1
Arauca,2020-04-07,0.5,0,1,0,1,1
Arauca,2020-04-08,0,0,1,0,0,1
Arauca,2020-04-09,0,0,1,0,0,1
Arauca,2020-04-10,0,0,1,0,0,1
Arauca,2020-04-11,0,0,1,0,0,1
Arauca,2020-04-12,0,0,1,0,0,1
Arauca,2020-04-13,0,0,1,0,0,1
Arauca,2020-04-14,0,0,1,0,0,1
Arauca,2020-04-15,0,0,1,0,0,1
Arauca,2020-04-16,0,0,1,0,0,1
Arauca,2020-04-17,0,0,1,0,0,1
Arauca,2020-04-18,0,0,1,0,0,1
Arauca,2020-04-19,0,0,1,0,0,1
Arauca,2020-04-20,0,0,1,0,0,1
Arauca,2020-04-21,0,0,1,0,0,1
Arauca,2020-04-22,0,0,1,0,0,1
Arauca,2020-04-23,0,0,1,0,0,1
Arauca,2020-04-24,0,0,1,0,0,1
Arauca,2020-04-25,0,0,1,0,0,1
Arauca,2020-04-26,0,0,1,0,0,1
Arauca,2020-04-27,0,0,1,0,0,1
Arauca,2020-04-28,0,0,1,0,0,1
Arauca,2020-04-29,0,0,1,0,0,1
Arauca,2020-04-30,0,0,1,0,0,1
Arauca,2020-05-01,0,0,1,0,0,1
Arauca,2020-05-02,0,0,1,0,0,1
Arauca,2020-05-03,0,0,1,0,0,1
Arauca,2020-05-04,0,0,1,0,0,1
Arauca,2020-05-05,0,0,1,0,0,1
Arauca,2020-05-06,0,0,1,0,0,1
Arauca,2020-05-07,0,0,1,0,0,1
Arauca,2020-05-08,0,0,1,0,0,1
Arauca,2020-05-09,0,0,0,0,0,1
Arauca,2020-05-10,0,0,0,0,0,1
Arauca,2020-05-11,0,0,0,0,0,1
Arauca,2020-05-12,0,0,0,0,0,1
Arauca,2020-05-13,0,0,0,0,0,1
Arauca,2020-05-14,0,0,0,0,0,1
Arauca,2020-05-15,0,0,0,0,0,1
Arauca,2020-05-16,0,0,0,0,0,1
Arauca,2020-05-17,0,0,1,0,0,1
Arauca,2020-05-18,0,0,1,0,0,1
Arauca,2020-05-19,0,0,1,0,0,1
Arauca,2020-05-20,0,0,1,0,0,1
Arauca,2020-05-21,0,0,1,0,0,1
Arauca,2020-05-22,0,0,1,0,0,1
Arauca,2020-05-23,0,0,1,0,0,1
Arauca,2020-05-24,0,0,1,0,0,1
Arauca,2020-05-25,0,0,2,0,0,1
Arauca,2020-05-26,1,0,2,0,1,1
Arauca,2020-05-27,1,0,2,0,1,1
Arauca,2020-05-28,1,0,3,0,1,1
Arauca,2020-05-29,1,0,3,0,1,1
Arauca,2020-05-30,1,0,3,0,1,1
Arauca,2020-05-31,2,0,4,1,2,1
Arauca,2020-06-01,2,0,4,1,2,1
Arauca,2020-06-02,2,0,5,0,2,1
Arauca,2020-06-03,3,1,6,1,3,1
Arauca,2020-06-04,3,1,6,2,4,1
Arauca,2020-06-05,4,1,7,2,4,1
Arauca,2020-06-06,4,2,8,3,5,1
Arauca,2020-06-07,5,2,8,3,5,1
Arauca,2020-06-08,5,2,9,2,5,1
Arauca,2020-06-09,5,2,9,2,5,0.99
Arauca,2020-06-10,5,1,8,2,5,0.99
Arauca,2020-06-11,5,1,8,2,5,0.99
Arauca,2020-06-12,4,1,7,3,5,0.99
Arauca,2020-06-13,4,1,6,2,4,0.99
Arauca,2020-06-14,3,0,5,1,3,0.98
Arauca,2020-06-15,3,0,5,1,3,0.98
Arauca,2020-06-16,3,0,5,1,3,0.97
Arauca,2020-06-17,3,0,5,1,3,0.96
Arauca,2020-06-18,3,0,5,1,3,0.95
Arauca,2020-06-19,2,0,5,0,2,0.93
Arauca,2020-06-20,2,0,5,0,2,0.92
Arauca,2020-06-21,2,0,5,0,2,0.89
Arauca,2020-06-22,3,0,6,1,3,0.86
Arauca,2020-06-23,3,0,6,1,3,0.82
Arauca,2020-06-24,4,0,8,1,4,0.77
Atlantico,2020-03-03,1,1,1,1,1,1
Atlantico,2020-03-04,0,0,0,0,0,1
Atlantico,2020-03-05,1,0,1,1,1,1
Atlantico,2020-03-06,0,0,0,0,0,1
Atlantico,2020-03-07,0,0,1,0,0,1
Atlantico,2020-03-08,0,0,1,0,0,1
Atlantico,2020-03-09,0,0,1,0,0,1
Atlantico,2020-03-10,0,0,1,0,0,1
Atlantico,2020-03-11,0,0,1,0,0,1
Atlantico,2020-03-12,0,0,1,0,0,1
Atlantico,2020-03-13,0,0,1,0,0,1
Atlantico,2020-03-14,0,0,1,0,0,1
Atlantico,2020-03-15,0,0,1,0,0,1
Atlantico,2020-03-16,0,0,1,0,0,1
Atlantico,2020-03-17,0,0,1,0,0,1
Atlantico,2020-03-18,0,0,1,0,0,1
Atlantico,2020-03-19,0,0,1,0,0,1
Atlantico,2020-03-20,0,0,1,0,0,1
Atlantico,2020-03-21,0,0,1,0,0,1
Atlantico,2020-03-22,0,0,1,0,0,1
Atlantico,2020-03-23,0,0,1,0,0,1
Atlantico,2020-03-24,0,0,1,0,0,1
Atlantico,2020-03-25,0,0,2,0,0,1
Atlantico,2020-03-26,0,0,2,0,0,1
Atlantico,2020-03-27,1,0,2,0,1,1
Atlantico,2020-03-28,1,0,2,0,1,1
Atlantico,2020-03-29,1,0,3,0,1,1
Atlantico,2020-03-30,1,0,3,0,1,1
Atlantico,2020-03-31,1,0,3,0,1,1
Atlantico,2020-04-01,2,0,4,1,2,1
Atlantico,2020-04-02,2,0,5,0,2,1
Atlantico,2020-04-03,2,0,6,0,2,1
Atlantico,2020-04-04,3,0,7,2,4,1
Atlantico,2020-04-05,4,0,8,1,4,1
Atlantico,2020-04-06,5,0,9,2,5,1
Atlantico,2020-04-07,6,2,12,2,6,1
Atlantico,2020-04-08,8,2,13,5,9,1
Atlantico,2020-04-09,9.5,3,16,5,10,1
Atlantico,2020-04-10,12,4,18,8,13,1
Atlantico,2020-04-11,14,6,22,9,15,1
Atlantico,2020-04-12,17,7,24,11,18,1
Atlantico,2020-04-13,20,10,28,15,22,1
Atlantico,2020-04-14,23,12,32,17,25,1
Atlantico,2020-04-15,27,17,37,20,28,1
Atlantico,2020-04-16,30,21,40,22,31,1
Atlantico,2020-04-17,33,23,44,26,35,1
Atlantico,2020-04-18,36,26,47,30,38,1
Atlantico,2020-04-19,38,24,49,30,40,1
Atlantico,2020-04-20,40,28,51,33,43,1
Atlantico,2020-04-21,43,29,56,37,47,1
Atlantico,2020-04-22,46,32,59,41,51,1
Atlantico,2020-04-23,51,36,63,43,54,1
Atlantico,2020-04-24,56,39,69,49,61,1
Atlantico,2020-04-25,60,44,73,52,64,1
Atlantico,2020-04-26,64,49,79,57,69,1
Atlantico,2020-04-27,68,54,84,60,72,1
Atlantico,2020-04-28,72.5,55,88,66,79,1
Atlantico,2020-04-29,77,60,92,68,81,1
Atlantico,2020-04-30,80,61,96,73,86,1
Atlantico,2020-05-01,83,66,100,73,87,1
Atlantico,2020-05-02,87,70,105,77,92,1
Atlantico,2020-05-03,92,72,110,84,99,1
Atlantico,2020-05-04,95,75,115,83,99,1
Atlantico,2020-05-05,101,79,120,89,105,1
Atlantico,2020-05-06,106,86,127,95,112,1
Atlantico,2020-05-07,113,90,134,100,117,1
Atlantico,2020-05-08,119,96,139,108,125,1
Atlantico,2020-05-09,125,102,147,113,130,1
Atlantico,2020-05-10,131,108,155,118,138,1
Atlantico,2020-05-11,135.5,111,160,123,143,1
Atlantico,2020-05-12,142,118,171,129,149,1
Atlantico,2020-05-13,149,119,176,134,156,1
Atlantico,2020-05-14,157,130,188,140,163,1
Atlantico,2020-05-15,166,132,196,151,176,1
Atlantico,2020-05-16,175,143,208,158,184,1
Atlantico,2020-05-17,184,149,218,167,195,1
Atlantico,2020-05-18,195,161,231,172,201,1
Atlantico,2020-05-19,207,169,249,183,214,1
Atlantico,2020-05-20,217,174,257,196,231,1
Atlantico,2020-05-21,231,183,277,207,243,1
Atlantico,2020-05-22,248,200,302,221,260,1
Atlantico,2020-05-23,270,218,320,239,282,1
Atlantico,2020-05-24,294,235,341,270,313,1
Atlantico,2020-05-25,318,265,374,291,334,1
Atlantico,2020-05-26,343.5,281,394,319,364,1
Atlantico,2020-05-27,368,311,423,338,382,1
Atlantico,2020-05-28,393,335,447,370,414,1
Atlantico,2020-05-29,413,362,480,391,436,1
Atlantico,2020-05-30,437,380,500,405,454,1
Atlantico,2020-05-31,456,395,519,425,473,1
Atlantico,2020-06-01,476,414,548,443,498,1
Atlantico,2020-06-02,498,427,565,471,530,1
Atlantico,2020-06-03,525,447,595,492,553,1
Atlantico,2020-06-04,556,473,630,528,589,1
Atlantico,2020-06-05,594,513,667,555,617,1
Atlantico,2020-06-06,634,564,713,601,660,1
Atlantico,2020-06-07,672,604,740,635,691,1
Atlantico,2020-06-08,705,643,775,676,729,1
Atlantico,2020-06-09,732,676,798,701,752,1
Atlantico,2020-06-10,755,684,806,738,786,1
Atlantico,2020-06-11,769,701,826,746,793,1
Atlantico,2020-06-12,781,723,838,755,802,1
Atlantico,2020-06-13,789,738,855,756,806,1
Atlantico,2020-06-14,797,738,855,773,822,1
Atlantico,2020-06-15,808,748,868,778,825,1
Atlantico,2020-06-16,819.5,756,876,800,847,1
Atlantico,2020-06-17,830,768,892,806,854,1
Atlantico,2020-06-18,843,788,900,823,869,1
Atlantico,2020-06-19,854.5,794,911,833,878,0.99
Atlantico,2020-06-20,857,809,917,836,880,0.99
Atlantico,2020-06-21,855,803,904,841,882,0.99
Atlantico,2020-06-22,836,783,882,817,855,0.98
Atlantico,2020-06-23,813,764,865,789,829,0.98
Atlantico,2020-06-24,798.5,741,856,769,814,0.97
Atlantico,2020-06-25,786,727,845,750,801,0.97
Atlantico,2020-06-26,792,724,856,761,816,0.96
Atlantico,2020-06-27,804,731,877,765,826,0.95
Atlantico,2020-06-28,824,741,892,803,863,0.93
Atlantico,2020-06-29,848,771,933,812,875,0.91
Atlantico,2020-06-30,883.5,783,961,848,915,0.89
Atlantico,2020-07-01,921.5,835,1017,885,958,0.85
Atlantico,2020-07-02,968,876,1066,933,1009,0.81
Bogota,2020-02-21,1,1,1,1,1,1
Bogota,2020-02-22,0,0,0,0,0,1
Bogota,2020-02-23,0,0,0,0,0,1
Bogota,2020-02-24,0.5,0,1,0,1,1
Bogota,2020-02-25,0,0,0,0,0,1
Bogota,2020-02-26,0,0,0,0,0,1
Bogota,2020-02-27,0,0,0,0,0,1
Bogota,2020-02-28,0,0,0,0,0,1
Bogota,2020-02-29,0.5,0,1,0,1,1
Bogota,2020-03-01,0,0,1,0,0,1
Bogota,2020-03-02,0,0,0,0,0,1
Bogota,2020-03-03,0,0,1,0,0,1
Bogota,2020-03-04,0,0,1,0,0,1
Bogota,2020-03-05,0,0,1,0,0,1
Bogota,2020-03-06,0.5,0,1,0,1,1
Bogota,2020-03-07,0,0,1,0,0,1
Bogota,2020-03-08,0,0,1,0,0,1
Bogota,2020-03-09,0,0,1,0,0,1
Bogota,2020-03-10,0,0,1,0,0,1
Bogota,2020-03-11,0,0,1,0,0,1
Bogota,2020-03-12,0,0,1,0,0,1
Bogota,2020-03-13,0,0,1,0,0,1
Bogota,2020-03-14,0,0,2,0,0,1
Bogota,2020-03-15,1,0,2,0,1,1
Bogota,2020-03-16,1,0,2,0,1,1
Bogota,2020-03-17,1,0,2,0,1,1
Bogota,2020-03-18,1,0,3,0,1,1
Bogota,2020-03-19,1,0,3,0,1,1
Bogota,2020-03-20,1,0,3,0,1,1
Bogota,2020-03-21,1,0,4,0,1,1
Bogota,2020-03-22,1,0,5,0,1,1
Bogota,2020-03-23,2,0,6,0,2,1
Bogota,2020-03-24,2,0,7,0,2,1
Bogota,2020-03-25,3,0,8,0,3,1
Bogota,2020-03-26,4,0,10,1,4,1
Bogota,2020-03-27,5,0,12,2,6,1
Bogota,2020-03-28,7,0,14,2,7,1
Bogota,2020-03-29,8,0,17,4,10,1
Bogota,2020-03-30,11,1,21,4,12,1
Bogota,2020-03-31,14,2,25,4,14,1
Bogota,2020-04-01,17,4,31,9,20,1
Bogota,2020-04-02,22,6,38,12,25,1
Bogota,2020-04-03,27,11,47,19,33,1
Bogota,2020-04-04,34,16,56,20,36,1
Bogota,2020-04-05,42,17,64,33,52,1
Bogota,2020-04-06,52,27,80,35,57,1
Bogota,2020-04-07,64.5,33,90,49,72,1
Bogota,2020-04-08,79,45,108,64,89,1
Bogota,2020-04-09,94,61,126,78,106,1
Bogota,2020-04-10,113,78,145,97,125,1
Bogota,2020-04-11,133,99,164,124,151,1
Bogota,2020-04-12,154,124,191,136,162,1
Bogota,2020-04-13,178,142,206,166,191,1
Bogota,2020-04-14,198,170,227,186,208,1
Bogota,2020-04-15,215,187,242,203,225,1
Bogota,2020-04-16,225,192,254,209,234,1
Bogota,2020-04-17,226,195,259,210,236,1
Bogota,2020-04-18,214,178,249,197,225,1
Bogota,2020-04-19,189,160,224,171,197,1
Bogota,2020-04-20,157,129,184,143,165,1
Bogota,2020-04-21,131,106,152,118,137,1
Bogota,2020-04-22,120,97,140,109,126,1
Bogota,2020-04-23,122,98,142,112,130,1
Bogota,2020-04-24,127,102,148,117,135,1
Bogota,2020-04-25,134,112,157,122,140,1
Bogota,2020-04-26,140.5,117,164,126,146,1
Bogota,2020-04-27,147,121,170,133,153,1
Bogota,2020-04-28,156,131,179,143,163,1
Bogota,2020-04-29,162,140,190,148,168,1
Bogota,2020-04-30,169,144,194,155,175,1
Bogota,2020-05-01,176,151,201,161,182,1
Bogota,2020-05-02,181,154,205,171,192,1
Bogota,2020-05-03,186,158,212,175,195,1
Bogota,2020-05-04,189,163,217,176,198,1
Bogota,2020-05-05,193.5,165,221,178,200,1
Bogota,2020-05-06,198,169,227,181,205,1
Bogota,2020-05-07,205,175,233,189,213,1
Bogota,2020-05-08,212,180,242,199,224,1
Bogota,2020-05-09,221,185,255,210,236,1
Bogota,2020-05-10,231,193,262,212,240,1
Bogota,2020-05-11,241,198,274,221,250,1
Bogota,2020-05-12,252,214,290,238,267,1
Bogota,2020-05-13,266,228,305,246,278,1
Bogota,2020-05-14,277,229,318,258,292,1
Bogota,2020-05-15,292,250,334,274,309,1
Bogota,2020-05-16,306,259,349,286,322,1
Bogota,2020-05-17,323.5,273,371,304,343,1
Bogota,2020-05-18,342,293,393,316,356,1
Bogota,2020-05-19,362,309,408,340,381,1
Bogota,2020-05-20,380,329,434,353,392,1
Bogota,2020-05-21,400.5,344,451,377,419,1
Bogota,2020-05-22,419,362,475,394,441,1
Bogota,2020-05-23,438,381,495,419,463,1
Bogota,2020-05-24,452,394,515,424,473,1
Bogota,2020-05-25,468,401,537,432,483,1
Bogota,2020-05-26,479,413,569,433,494,1
Bogota,2020-05-27,490.5,405,581,439,506,1
Bogota,2020-05-28,512,416,623,461,542,1
Bogota,2020-05-29,538,421,654,486,583,1
Bogota,2020-05-30,575,459,720,494,603,1
Bogota,2020-05-31,619,476,772,536,654,1
Bogota,2020-06-01,677,501,844,576,721,1
Bogota,2020-06-02,742.5,541,937,651,808,1
Bogota,2020-06-03,820,592,1025,689,871,1
Bogota,2020-06-04,924,681,1174,829,1028,1
Bogota,2020-06-05,1045,794,1304,902,1115,1
Bogota,2020-06-06,1178,928,1460,1064,1284,1
Bogota,2020-06-07,1327,1052,1607,1234,1462,1
Bogota,2020-06-08,1510,1225,1765,1370,1593,1
Bogota,2020-06-09,1692,1440,1947,1605,1808,1
Bogota,2020-06-10,1890,1668,2118,1802,1995,1
Bogota,2020-06-11,2081.5,1888,2284,1990,2147,1
Bogota,2020-06-12,2247.5,2071,2428,2168,2313,1
Bogota,2020-06-13,2383,2192,2574,2301,2459,1
Bogota,2020-06-14,2449,2212,2671,2355,2546,1
Bogota,2020-06-15,2407,2126,2674,2274,2500,1
Bogota,2020-06-16,2246,1964,2558,2080,2325,1
Bogota,2020-06-17,1950.5,1686,2230,1844,2071,1
Bogota,2020-06-18,1602,1381,1812,1508,1680,0.99
Bogota,2020-06-19,1316,1156,1447,1242,1354,0.99
Bogota,2020-06-20,1193.5,1089,1285,1154,1234,0.99
Bogota,2020-06-21,1198,1094,1295,1160,1243,0.99
Bogota,2020-06-22,1226,1118,1331,1194,1278,0.98
Bogota,2020-06-23,1255,1134,1359,1210,1304,0.98
Bogota,2020-06-24,1292.5,1157,1407,1246,1346,0.97
Bogota,2020-06-25,1330,1203,1464,1262,1373,0.97
Bogota,2020-06-26,1389,1251,1540,1315,1438,0.96
Bogota,2020-06-27,1449,1286,1598,1376,1495,0.95
Bogota,2020-06-28,1518,1352,1675,1432,1569,0.93
Bogota,2020-06-29,1603,1426,1767,1520,1661,0.91
Bogota,2020-06-30,1700.5,1515,1870,1612,1759,0.88
Bogota,2020-07-01,1811,1638,2034,1721,1887,0.85
Bogota,2020-07-02,1952,1739,2170,1875,2053,0.81
Bolivar,2020-03-03,1,1,1,1,1,1
Bolivar,2020-03-04,0,0,0,0,0,1
Bolivar,2020-03-05,1,0,1,1,1,1
Bolivar,2020-03-06,0,0,0,0,0,1
Bolivar,2020-03-07,0.5,0,1,0,1,1
Bolivar,2020-03-08,0,0,1,0,0,1
Bolivar,2020-03-09,0.5,0,1,0,1,1
Bolivar,2020-03-10,0,0,1,0,0,1
Bolivar,2020-03-11,0,0,1,0,0,1
Bolivar,2020-03-12,0,0,1,0,0,1
Bolivar,2020-03-13,0,0,1,0,0,1
Bolivar,2020-03-14,0,0,1,0,0,1
Bolivar,2020-03-15,0,0,1,0,0,1
Bolivar,2020-03-16,0,0,1,0,0,1
Bolivar,2020-03-17,0,0,1,0,0,1
Bolivar,2020-03-18,0,0,1,0,0,1
Bolivar,2020-03-19,0,0,1,0,0,1
Bolivar,2020-03-20,0,0,1,0,0,1
Bolivar,2020-03-21,0,0,1,0,0,1
Bolivar,2020-03-22,0,0,1,0,0,1
Bolivar,2020-03-23,0,0,1,0,0,1
Bolivar,2020-03-24,0,0,1,0,0,1
Bolivar,2020-03-25,1,0,2,0,1,1
Bolivar,2020-03-26,1,0,2,0,1,1
Bolivar,2020-03-27,1,0,2,0,1,1
Bolivar,2020-03-28,1,0,2,0,1,1
Bolivar,2020-03-29,1,0,3,0,1,1
Bolivar,2020-03-30,1,0,3,0,1,1
Bolivar,2020-03-31,1,0,4,0,1,1
Bolivar,2020-04-01,2,0,4,0,2,1
Bolivar,2020-04-02,2,0,5,0,2,1
Bolivar,2020-04-03,3,0,7,1,3,1
Bolivar,2020-04-04,4,0,7,1,4,1
Bolivar,2020-04-05,5,1,9,2,5,1
Bolivar,2020-04-06,6,1,10,4,7,1
Bolivar,2020-04-07,7,2,12,3,7,1
Bolivar,2020-04-08,9,3,14,6,10,1
Bolivar,2020-04-09,10.5,4,16,6,11,1
Bolivar,2020-04-10,13,6,19,9,14,1
Bolivar,2020-04-11,15,8,22,12,17,1
Bolivar,2020-04-12,18,10,25,13,19,1
Bolivar,2020-04-13,21,13,28,16,22,1
Bolivar,2020-04-14,23,14,30,19,25,1
Bolivar,2020-04-15,25,17,33,21,27,1
Bolivar,2020-04-16,27,18,35,22,29,1
Bolivar,2020-04-17,28,19,36,23,30,1
Bolivar,2020-04-18,28,20,37,22,29,1
Bolivar,2020-04-19,26,17,34,21,28,1
Bolivar,2020-04-20,24,16,33,18,25,1
Bolivar,2020-04-21,24,14,33,18,26,1
Bolivar,2020-04-22,24,14,34,20,27,1
Bolivar,2020-04-23,27,15,37,22,30,1
Bolivar,2020-04-24,30,18,41,25,34,1
Bolivar,2020-04-25,33,22,46,29,38,1
Bolivar,2020-04-26,38,24,50,31,41,1
Bolivar,2020-04-27,42.5,29,57,32,44,1
Bolivar,2020-04-28,47,31,61,37,49,1
Bolivar,2020-04-29,52,35,67,43,56,1
Bolivar,2020-04-30,58,41,73,50,63,1
Bolivar,2020-05-01,65,45,79,55,69,1
Bolivar,2020-05-02,71,52,87,65,79,1
Bolivar,2020-05-03,77,60,94,67,81,1
Bolivar,2020-05-04,84,65,101,74,88,1
Bolivar,2020-05-05,90,73,107,79,93,1
Bolivar,2020-05-06,95,78,112,89,103,1
Bolivar,2020-05-07,99,79,116,90,104,1
Bolivar,2020-05-08,102,86,121,93,107,1
Bolivar,2020-05-09,105,87,122,98,112,1
Bolivar,2020-05-10,107,90,125,97,111,1
Bolivar,2020-05-11,110,90,127,100,115,1
Bolivar,2020-05-12,112,94,131,103,117,1
Bolivar,2020-05-13,113,94,131,106,120,1
Bolivar,2020-05-14,115,96,134,104,119,1
Bolivar,2020-05-15,118,95,133,111,126,1
Bolivar,2020-05-16,121,101,138,110,125,1
Bolivar,2020-05-17,124,104,143,116,131,1
Bolivar,2020-05-18,127,109,148,119,135,1
Bolivar,2020-05-19,130,111,148,122,137,1
Bolivar,2020-05-20,132,111,150,124,139,1
Bolivar,2020-05-21,133,114,155,122,138,1
Bolivar,2020-05-22,133,111,153,123,139,1
Bolivar,2020-05-23,135,113,152,124,139,1
Bolivar,2020-05-24,137,117,157,125,141,1
Bolivar,2020-05-25,140,119,158,130,145,1
Bolivar,2020-05-26,139,117,156,130,145,1
Bolivar,2020-05-27,138,115,155,127,143,1
Bolivar,2020-05-28,138,118,158,127,143,1
Bolivar,2020-05-29,139,116,160,129,146,1
Bolivar,2020-05-30,142,120,163,130,147,1
Bolivar,2020-05-31,144,121,166,134,151,1
Bolivar,2020-06-01,147,122,170,138,157,1
Bolivar,2020-06-02,151,125,175,139,160,1
Bolivar,2020-06-03,154,125,178,143,163,1
Bolivar,2020-06-04,161,132,186,147,169,1
Bolivar,2020-06-05,170,143,197,156,179,1
Bolivar,2020-06-06,178,149,208,168,191,1
Bolivar,2020-06-07,188,152,212,172,197,1
Bolivar,2020-06-08,197,163,224,187,211,1
Bolivar,2020-06-09,207,179,239,196,220,1
Bolivar,2020-06-10,219,185,246,201,226,1
Bolivar,2020-06-11,229,200,261,213,237,1
Bolivar,2020-06-12,239,208,267,222,246,1
Bolivar,2020-06-13,245.5,217,276,234,258,1
Bolivar,2020-06-14,253,224,280,240,262,1
Bolivar,2020-06-15,258,230,284,242,265,1
Bolivar,2020-06-16,261,232,286,243,266,1
Bolivar,2020-06-17,262,229,285,247,270,1
Bolivar,2020-06-18,260,230,286,245,267,0.99
Bolivar,2020-06-19,261,232,287,248,270,0.99
Bolivar,2020-06-20,261,235,288,244,267,0.99
Bolivar,2020-06-21,260,232,286,246,268,0.99
Bolivar,2020-06-22,254,225,278,245,267,0.98
Bolivar,2020-06-23,248,216,273,235,257,0.98
Bolivar,2020-06-24,244,218,270,230,253,0.97
Bolivar,2020-06-25,242,214,271,227,250,0.97
Bolivar,2020-06-26,244,215,273,231,254,0.96
Bolivar,2020-06-27,247,219,274,231,253,0.94
Bolivar,2020-06-28,253,222,280,240,263,0.93
Bolivar,2020-06-29,259,228,284,243,266,0.91
Bolivar,2020-06-30,264,232,293,248,272,0.88
Bolivar,2020-07-01,266,233,295,250,275,0.85
Bolivar,2020-07-02,269,237,301,254,280,0.81
Caldas,2020-03-05,1,1,1,1,1,1
Caldas,2020-03-06,0,0,0,0,0,1
Caldas,2020-03-07,0,0,0,0,0,1
Caldas,2020-03-08,0.5,0,1,0,1,1
Caldas,2020-03-09,0.5,0,1,0,1,1
Caldas,2020-03-10,0,0,1,0,0,1
Caldas,2020-03-11,0,0,0,0,0,1
Caldas,2020-03-12,1,0,1,1,1,1
Caldas,2020-03-13,0,0,1,0,0,1
Caldas,2020-03-14,1,0,1,1,1,1
Caldas,2020-03-15,0,0,1,0,0,1
Caldas,2020-03-16,0,0,1,0,0,1
Caldas,2020-03-17,0,0,1,0,0,1
Caldas,2020-03-18,0,0,1,0,0,1
Caldas,2020-03-19,0,0,1,0,0,1
Caldas,2020-03-20,0,0,1,0,0,1
Caldas,2020-03-21,0,0,1,0,0,1
Caldas,2020-03-22,0,0,1,0,0,1
Caldas,2020-03-23,0,0,1,0,0,1
Caldas,2020-03-24,0,0,1,0,0,1
Caldas,2020-03-25,0,0,1,0,0,1
Caldas,2020-03-26,0,0,1,0,0,1
Caldas,2020-03-27,0,0,1,0,0,1
Caldas,2020-03-28,0,0,1,0,0,1
Caldas,2020-03-29,0,0,1,0,0,1
Caldas,2020-03-30,0,0,2,0,0,1
Caldas,2020-03-31,0,0,1,0,0,1
Caldas,2020-04-01,0,0,2,0,0,1
Caldas,2020-04-02,1,0,2,0,1,1
Caldas,2020-04-03,1,0,2,0,1,1
Caldas,2020-04-04,1,0,3,0,1,1
Caldas,2020-04-05,1,0,3,0,1,1
Caldas,2020-04-06,1,0,4,0,1,1
Caldas,2020-04-07,2,0,4,1,2,1
Caldas,2020-04-08,2,0,4,0,2,1
Caldas,2020-04-09,3,0,5,1,3,1
Caldas,2020-04-10,3,1,6,1,3,1
Caldas,2020-04-11,4,1,7,2,4,1
Caldas,2020-04-12,4,2,8,3,5,1
Caldas,2020-04-13,5,1,8,4,6,1
Caldas,2020-04-14,5,1,8,4,6,1
Caldas,2020-04-15,6,2,9,5,7,1
Caldas,2020-04-16,6,2,9,3,6,1
Caldas,2020-04-17,5,2,9,3,6,1
Caldas,2020-04-18,5,2,8,4,6,1
Caldas,2020-04-19,4,1,7,3,5,1
Caldas,2020-04-20,4,1,6,2,4,1
Caldas,2020-04-21,3,0,5,1,3,1
Caldas,2020-04-22,3,0,5,1,3,1
Caldas,2020-04-23,3,1,6,1,3,1
Caldas,2020-04-24,3,1,6,1,3,1
Caldas,2020-04-25,3,1,6,2,4,1
Caldas,2020-04-26,3,1,6,1,3,1
Caldas,2020-04-27,3,1,6,1,3,1
Caldas,2020-04-28,3,0,5,1,3,1
Caldas,2020-04-29,3,0,5,1,3,1
Caldas,2020-04-30,3,0,5,1,3,1
Caldas,2020-05-01,2,0,5,0,2,1
Caldas,2020-05-02,2,0,4,1,2,1
Caldas,2020-05-03,2,0,4,0,2,1
Caldas,2020-05-04,2,0,4,1,2,1
Caldas,2020-05-05,2,0,4,1,2,1
Caldas,2020-05-06,2,0,4,1,2,1
Caldas,2020-05-07,2,0,4,1,2,1
Caldas,2020-05-08,2,0,4,0,2,1
Caldas,2020-05-09,2,0,4,0,2,1
Caldas,2020-05-10,2,0,4,0,2,1
Caldas,2020-05-11,2,0,4,1,2,1
Caldas,2020-05-12,2,0,4,1,2,1
Caldas,2020-05-13,2,0,4,1,2,1
Caldas,2020-05-14,2,0,3,1,2,1
Caldas,2020-05-15,1,0,3,0,1,1
Caldas,2020-05-16,2,0,4,1,2,1
Caldas,2020-05-17,2,0,4,1,2,1
Caldas,2020-05-18,2,0,4,1,2,1
Caldas,2020-05-19,2,0,4,1,2,1
Caldas,2020-05-20,2,0,4,0,2,1
Caldas,2020-05-21,3,0,5,1,3,1
Caldas,2020-05-22,3,0,5,1,3,1
Caldas,2020-05-23,3,0,5,1,3,1
Caldas,2020-05-24,3,1,6,1,3,1
Caldas,2020-05-25,4,0,6,2,4,1
Caldas,2020-05-26,4,1,7,2,4,1
Caldas,2020-05-27,4,1,7,2,4,1
Caldas,2020-05-28,4,1,7,2,4,1
Caldas,2020-05-29,4,1,7,3,5,1
Caldas,2020-05-30,4,1,7,2,4,1
Caldas,2020-05-31,4,1,7,2,4,1
Caldas,2020-06-01,4,1,6,2,4,1
Caldas,2020-06-02,3,1,6,1,3,1
Caldas,2020-06-03,3,1,6,1,3,1
Caldas,2020-06-04,3,1,6,1,3,1
Caldas,2020-06-05,3,1,6,1,3,1
Caldas,2020-06-06,3,1,6,1,3,1
Caldas,2020-06-07,3,1,6,1,3,1
Caldas,2020-06-08,3,1,6,1,3,0.99
Caldas,2020-06-09,3,1,6,2,4,0.99
Caldas,2020-06-10,4,1,6,2,4,0.99
Caldas,2020-06-11,4,0,6,2,4,0.99
Caldas,2020-06-12,4,0,6,2,4,0.98
Caldas,2020-06-13,4,1,7,2,4,0.98
Caldas,2020-06-14,4,1,7,3,5,0.97
Caldas,2020-06-15,4,1,7,3,5,0.97
Caldas,2020-06-16,5,1,7,3,5,0.96
Caldas,2020-06-17,5,2,8,4,6,0.94
Caldas,2020-06-18,5,1,8,2,5,0.93
Caldas,2020-06-19,5,1,8,3,5,0.91
Caldas,2020-06-20,5,1,8,2,5,0.88
Caldas,2020-06-21,5,1,8,2,5,0.85
Caldas,2020-06-22,5,0,9,2,5,0.81
Caldas,2020-06-23,5,1,10,2,5,0.76
Caldas,2020-06-24,6,0,11,2,6,0.69
Cauca,2020-03-11,1,1,1,1,1,1
Cauca,2020-03-12,0,0,0,0,0,1
Cauca,2020-03-13,0,0,0,0,0,1
Cauca,2020-03-14,0,0,1,0,0,1
Cauca,2020-03-15,0,0,1,0,0,1
Cauca,2020-03-16,1,0,1,1,1,1
Cauca,2020-03-17,0,0,1,0,0,1
Cauca,2020-03-18,0,0,1,0,0,1
Cauca,2020-03-19,0,0,1,0,0,1
Cauca,2020-03-20,0,0,1,0,0,1
Cauca,2020-03-21,0,0,1,0,0,1
Cauca,2020-03-22,0,0,1,0,0,1
Cauca,2020-03-23,0,0,1,0,0,1
Cauca,2020-03-24,0,0,1,0,0,1
Cauca,2020-03-25,0,0,1,0,0,1
Cauca,2020-03-26,0,0,1,0,0,1
Cauca,2020-03-27,0,0,1,0,0,1
Cauca,2020-03-28,0,0,1,0,0,1
Cauca,2020-03-29,0,0,1,0,0,1
Cauca,2020-03-30,0,0,1,0,0,1
Cauca,2020-03-31,0,0,1,0,0,1
Cauca,2020-04-01,0,0,1,0,0,1
Cauca,2020-04-02,0,0,1,0,0,1
Cauca,2020-04-03,0,0,2,0,0,1
Cauca,2020-04-04,0,0,2,0,0,1
Cauca,2020-04-05,1,0,2,0,1,1
Cauca,2020-04-06,1,0,2,0,1,1
Cauca,2020-04-07,1,0,2,0,1,1
Cauca,2020-04-08,1,0,3,0,1,1
Cauca,2020-04-09,1,0,3,0,1,1
Cauca,2020-04-10,1,0,3,0,1,1
Cauca,2020-04-11,2,0,4,1,2,1
Cauca,2020-04-12,2,0,4,0,2,1
Cauca,2020-04-13,2,0,5,0,2,1
Cauca,2020-04-14,3,1,5,1,3,1
Cauca,2020-04-15,3,0,5,1,3,1
Cauca,2020-04-16,3,0,5,1,3,1
Cauca,2020-04-17,3,0,5,1,3,1
Cauca,2020-04-18,2,0,4,0,2,1
Cauca,2020-04-19,2,0,4,1,2,1
Cauca,2020-04-20,2,0,3,1,2,1
Cauca,2020-04-21,1,0,3,0,1,1
Cauca,2020-04-22,1,0,3,0,1,1
Cauca,2020-04-23,1,0,3,0,1,1
Cauca,2020-04-24,1,0,3,0,1,1
Cauca,2020-04-25,1,0,3,0,1,1
Cauca,2020-04-26,1,0,3,0,1,1
Cauca,2020-04-27,1,0,3,0,1,1
Cauca,2020-04-28,1,0,3,0,1,1
Cauca,2020-04-29,1,0,3,0,1,1
Cauca,2020-04-30,2,0,3,1,2,1
Cauca,2020-05-01,2,0,4,1,2,1
Cauca,2020-05-02,2,0,4,1,2,1
Cauca,2020-05-03,2,0,4,1,2,1
Cauca,2020-05-04,2,0,4,1,2,1
Cauca,2020-05-05,2,0,4,1,2,1
Cauca,2020-05-06,2,0,4,0,2,1
Cauca,2020-05-07,2,0,4,1,2,1
Cauca,2020-05-08,2,0,4,0,2,1
Cauca,2020-05-09,2,0,4,1,2,1
Cauca,2020-05-10,2,0,4,1,2,1
Cauca,2020-05-11,2,0,4,1,2,1
Cauca,2020-05-12,2,0,4,0,2,1
Cauca,2020-05-13,2,0,4,0,2,1
Cauca,2020-05-14,2,0,5,0,2,1
Cauca,2020-05-15,3,0,5,1,3,1
Cauca,2020-05-16,3,0,5,1,3,1
Cauca,2020-05-17,3,1,6,1,3,1
Cauca,2020-05-18,4,0,6,2,4,1
Cauca,2020-05-19,4,1,7,2,4,1
Cauca,2020-05-20,4,1,7,3,5,1
Cauca,2020-05-21,5,1,8,4,6,1
Cauca,2020-05-22,5,1,8,4,6,1
Cauca,2020-05-23,6,2,9,3,6,1
Cauca,2020-05-24,6,2,9,3,6,1
Cauca,2020-05-25,6,2,9,3,6,1
Cauca,2020-05-26,6,2,10,3,6,1
Cauca,2020-05-27,6,3,10,4,7,1
Cauca,2020-05-28,6,2,10,4,7,1
Cauca,2020-05-29,7,2,10,4,7,1
Cauca,2020-05-30,7,2,10,4,7,1
Cauca,2020-05-31,7,2,10,4,7,1
Cauca,2020-06-01,7,2,10,4,7,1
Cauca,2020-06-02,7,2,10,4,7,1
Cauca,2020-06-03,7,3,11,4,7,1
Cauca,2020-06-04,7,2,11,4,7,1
Cauca,2020-06-05,7,2,11,5,8,1
Cauca,2020-06-06,8,3,12,4,8,1
Cauca,2020-06-07,9,4,13,5,9,1
Cauca,2020-06-08,10,4,14,7,11,1
Cauca,2020-06-09,10,6,16,7,11,1
Cauca,2020-06-10,11,5,16,8,12,1
Cauca,2020-06-11,12,6,17,8,12,1
Cauca,2020-06-12,13,7,18,10,14,1
Cauca,2020-06-13,14,7,19,9,14,1
Cauca,2020-06-14,15,9,21,11,16,1
Cauca,2020-06-15,16,9,22,12,17,1
Cauca,2020-06-16,16,10,23,13,18,1
Cauca,2020-06-17,18,10,24,14,19,1
Cauca,2020-06-18,19,12,26,16,21,0.99
Cauca,2020-06-19,20,13,27,15,21,0.99
Cauca,2020-06-20,21,13,28,17,23,0.99
Cauca,2020-06-21,22,14,30,17,23,0.99
Cauca,2020-06-22,24,16,32,19,25,0.98
Cauca,2020-06-23,26,17,33,23,29,0.98
Cauca,2020-06-24,27,19,35,22,28,0.97
Cauca,2020-06-25,28.5,19,36,25,31,0.96
Cauca,2020-06-26,30,19,38,25,32,0.95
Cauca,2020-06-27,31,23,40,26,33,0.94
Cauca,2020-06-28,32,22,41,25,33,0.92
Cauca,2020-06-29,33,21,41,27,35,0.9
Cauca,2020-06-30,33,22,42,27,35,0.88
Cauca,2020-07-01,35,23,44,30,38,0.84
Cauca,2020-07-02,36,23,47,28,37,0.8
Cesar,2020-03-09,1,1,1,1,1,1
Cesar,2020-03-10,0,0,1,0,0,1
Cesar,2020-03-11,0,0,0,0,0,1
Cesar,2020-03-12,1,0,1,1,1,1
Cesar,2020-03-13,0,0,1,0,0,1
Cesar,2020-03-14,0,0,1,0,0,1
Cesar,2020-03-15,0,0,1,0,0,1
Cesar,2020-03-16,0,0,1,0,0,1
Cesar,2020-03-17,0,0,1,0,0,1
Cesar,2020-03-18,0,0,1,0,0,1
Cesar,2020-03-19,0,0,1,0,0,1
Cesar,2020-03-20,0,0,1,0,0,1
Cesar,2020-03-21,0,0,1,0,0,1
Cesar,2020-03-22,0,0,1,0,0,1
Cesar,2020-03-23,0,0,1,0,0,1
Cesar,2020-03-24,0,0,1,0,0,1
Cesar,2020-03-25,0,0,1,0,0,1
Cesar,2020-03-26,0,0,1,0,0,1
Cesar,2020-03-27,0,0,1,0,0,1
Cesar,2020-03-28,0,0,1,0,0,1
Cesar,2020-03-29,0,0,1,0,0,1
Cesar,2020-03-30,0,0,1,0,0,1
Cesar,2020-03-31,0,0,1,0,0,1
Cesar,2020-04-01,0,0,2,0,0,1
Cesar,2020-04-02,1,0,2,0,1,1
Cesar,2020-04-03,1,0,2,0,1,1
Cesar,2020-04-04,1,0,2,0,1,1
Cesar,2020-04-05,1,0,3,0,1,1
Cesar,2020-04-06,1,0,3,0,1,1
Cesar,2020-04-07,1.5,0,3,1,2,1
Cesar,2020-04-08,2,0,4,1,2,1
Cesar,2020-04-09,2,0,5,0,2,1
Cesar,2020-04-10,3,0,5,1,3,1
Cesar,2020-04-11,3,1,6,1,3,1
Cesar,2020-04-12,4,0,6,2,4,1
Cesar,2020-04-13,4,1,7,2,4,1
Cesar,2020-04-14,4.5,1,7,3,5,1
Cesar,2020-04-15,5,1,8,3,5,1
Cesar,2020-04-16,5,1,8,2,5,1
Cesar,2020-04-17,4,2,8,3,5,1
Cesar,2020-04-18,4,1,7,2,4,1
Cesar,2020-04-19,3,0,6,1,3,1
Cesar,2020-04-20,3,0,5,1,3,1
Cesar,2020-04-21,2,0,4,1,2,1
Cesar,2020-04-22,2,0,3,1,2,1
Cesar,2020-04-23,1,0,3,0,1,1
Cesar,2020-04-24,1,0,3,0,1,1
Cesar,2020-04-25,1,0,3,0,1,1
Cesar,2020-04-26,1,0,3,0,1,1
Cesar,2020-04-27,1,0,3,0,1,1
Cesar,2020-04-28,1,0,3,0,1,1
Cesar,2020-04-29,1,0,3,0,1,1
Cesar,2020-04-30,1,0,3,0,1,1
Cesar,2020-05-01,1,0,3,0,1,1
Cesar,2020-05-02,1,0,3,0,1,1
Cesar,2020-05-03,1,0,3,0,1,1
Cesar,2020-05-04,1,0,4,0,1,1
Cesar,2020-05-05,2,0,4,1,2,1
Cesar,2020-05-06,2,0,5,0,2,1
Cesar,2020-05-07,3,0,5,1,3,1
Cesar,2020-05-08,3,0,6,1,3,1
Cesar,2020-05-09,4,1,7,2,4,1
Cesar,2020-05-10,4,1,8,3,5,1
Cesar,2020-05-11,5,1,9,3,6,1
Cesar,2020-05-12,6,2,11,4,7,1
Cesar,2020-05-13,8,3,13,4,8,1
Cesar,2020-05-14,9,4,15,6,10,1
Cesar,2020-05-15,11,5,16,8,12,1
Cesar,2020-05-16,13,6,19,9,14,1
Cesar,2020-05-17,15,8,21,11,16,1
Cesar,2020-05-18,17,10,24,12,18,1
Cesar,2020-05-19,19,10,25,14,20,1
Cesar,2020-05-20,21,13,28,16,22,1
Cesar,2020-05-21,23,15,30,18,24,1
Cesar,2020-05-22,25,18,33,21,27,1
Cesar,2020-05-23,26,18,34,22,28,1
Cesar,2020-05-24,27,18,35,22,28,1
Cesar,2020-05-25,27,18,35,22,29,1
Cesar,2020-05-26,26,17,34,23,29,1
Cesar,2020-05-27,25,17,33,21,27,1
Cesar,2020-05-28,24,14,30,19,25,1
Cesar,2020-05-29,22,15,29,17,23,1
Cesar,2020-05-30,20,12,26,15,21,1
Cesar,2020-05-31,19,11,24,15,20,1
Cesar,2020-06-01,18,11,24,15,20,1
Cesar,2020-06-02,17,11,24,13,18,1
Cesar,2020-06-03,18,10,24,15,20,1
Cesar,2020-06-04,18,11,24,14,19,1
Cesar,2020-06-05,19,10,25,14,20,1
Cesar,2020-06-06,20,12,26,17,22,1
Cesar,2020-06-07,20,13,27,15,21,1
Cesar,2020-06-08,22,14,29,17,23,1
Cesar,2020-06-09,23,15,30,19,25,1
Cesar,2020-06-10,25,16,32,19,26,1
Cesar,2020-06-11,27,18,34,24,30,1
Cesar,2020-06-12,28,19,36,23,30,1
Cesar,2020-06-13,30,22,39,25,32,1
Cesar,2020-06-14,32,22,40,27,34,1
Cesar,2020-06-15,34,25,43,29,36,1
Cesar,2020-06-16,34,25,44,28,36,1
Cesar,2020-06-17,36,27,46,32,39,1
Cesar,2020-06-18,38,28,47,31,39,0.99
Cesar,2020-06-19,40,29,49,35,43,0.99
Cesar,2020-06-20,41,31,51,37,45,0.99
Cesar,2020-06-21,43,33,53,36,44,0.99
Cesar,2020-06-22,44,33,54,38,46,0.98
Cesar,2020-06-23,45,34,55,39,47,0.98
Cesar,2020-06-24,44,33,54,39,47,0.97
Cesar,2020-06-25,43,32,53,39,47,0.97
Cesar,2020-06-26,42,32,52,34,43,0.96
Cesar,2020-06-27,41,32,52,35,43,0.94
Cesar,2020-06-28,40,28,48,34,42,0.93
Cesar,2020-06-29,39,27,48,34,42,0.91
Cesar,2020-06-30,36,25,45,30,38,0.88
Cesar,2020-07-01,34,24,44,31,39,0.85
Cesar,2020-07-02,34,22,44,28,36,0.81
Choco,2020-03-02,1,1,1,1,1,1
Choco,2020-03-03,0,0,0,0,0,1
Choco,2020-03-04,0,0,0,0,0,1
Choco,2020-03-05,0,0,0,0,0,1
Choco,2020-03-06,0,0,0,0,0,1
Choco,2020-03-07,0,0,1,0,0,1
Choco,2020-03-08,0,0,0,0,0,1
Choco,2020-03-09,0,0,1,0,0,1
Choco,2020-03-10,0,0,1,0,0,1
Choco,2020-03-11,0,0,1,0,0,1
Choco,2020-03-12,0,0,1,0,0,1
Choco,2020-03-13,0,0,1,0,0,1
Choco,2020-03-14,0,0,1,0,0,1
Choco,2020-03-15,0,0,1,0,0,1
Choco,2020-03-16,0,0,1,0,0,1
Choco,2020-03-17,0,0,1,0,0,1
Choco,2020-03-18,0,0,1,0,0,1
Choco,2020-03-19,0,0,1,0,0,1
Choco,2020-03-20,0,0,1,0,0,1
Choco,2020-03-21,0,0,1,0,0,1
Choco,2020-03-22,0,0,1,0,0,1
Choco,2020-03-23,0,0,1,0,0,1
Choco,2020-03-24,0,0,1,0,0,1
Choco,2020-03-25,0,0,1,0,0,1
Choco,2020-03-26,0,0,1,0,0,1
Choco,2020-03-27,0,0,1,0,0,1
Choco,2020-03-28,0,0,1,0,0,1
Choco,2020-03-29,0,0,1,0,0,1
Choco,2020-03-30,0,0,1,0,0,1
Choco,2020-03-31,0,0,1,0,0,1
Choco,2020-04-01,0,0,1,0,0,1
Choco,2020-04-02,0,0,1,0,0,1
Choco,2020-04-03,0,0,2,0,0,1
Choco,2020-04-04,1,0,2,0,1,1
Choco,2020-04-05,1,0,2,0,1,1
Choco,2020-04-06,1,0,2,0,1,1
Choco,2020-04-07,1,0,3,0,1,1
Choco,2020-04-08,1,0,3,0,1,1
Choco,2020-04-09,2,0,4,1,2,1
Choco,2020-04-10,2,0,4,1,2,1
Choco,2020-04-11,2,0,5,0,2,1
Choco,2020-04-12,3,0,5,1,3,1
Choco,2020-04-13,3,1,6,1,3,1
Choco,2020-04-14,4,0,6,2,4,1
Choco,2020-04-15,4,1,7,2,4,1
Choco,2020-04-16,4,1,7,2,4,1
Choco,2020-04-17,4,1,7,2,4,1
Choco,2020-04-18,4,1,7,2,4,1
Choco,2020-04-19,4,1,7,2,4,1
Choco,2020-04-20,4,1,7,2,4,1
Choco,2020-04-21,4,0,6,2,4,1
Choco,2020-04-22,4,1,7,2,4,1
Choco,2020-04-23,5,2,8,3,5,1
Choco,2020-04-24,5,1,8,2,5,1
Choco,2020-04-25,5,2,9,2,5,1
Choco,2020-04-26,6,2,10,3,6,1
Choco,2020-04-27,6,3,11,4,7,1
Choco,2020-04-28,7,2,10,4,7,1
Choco,2020-04-29,7,2,11,5,8,1
Choco,2020-04-30,8,4,13,6,9,1
Choco,2020-05-01,9,4,14,5,9,1
Choco,2020-05-02,10,4,15,7,11,1
Choco,2020-05-03,11,4,16,6,11,1
Choco,2020-05-04,12,5,18,8,13,1
Choco,2020-05-05,14,6,19,9,14,1
Choco,2020-05-06,15,8,22,10,16,1
Choco,2020-05-07,17,9,24,12,18,1
Choco,2020-05-08,19,10,26,14,20,1
Choco,2020-05-09,21,12,29,18,24,1
Choco,2020-05-10,23,14,32,18,25,1
Choco,2020-05-11,26,16,35,20,28,1
Choco,2020-05-12,29,19,38,23,31,1
Choco,2020-05-13,33,23,43,29,37,1
Choco,2020-05-14,36,25,46,32,40,1
Choco,2020-05-15,40,30,51,36,44,1
Choco,2020-05-16,43,33,55,36,45,1
Choco,2020-05-17,45,32,55,39,48,1
Choco,2020-05-18,49,36,59,44,53,1
Choco,2020-05-19,51,39,63,45,54,1
Choco,2020-05-20,54,42,66,48,57,1
Choco,2020-05-21,57,45,70,50,60,1
Choco,2020-05-22,60,48,73,52,62,1
Choco,2020-05-23,62,51,75,55,65,1
Choco,2020-05-24,63,51,76,56,66,1
Choco,2020-05-25,65,51,76,57,67,1
Choco,2020-05-26,66,52,77,59,69,1
Choco,2020-05-27,66,53,78,61,71,1
Choco,2020-05-28,68,54,80,60,70,1
Choco,2020-05-29,69,54,81,61,72,1
Choco,2020-05-30,70,54,82,62,73,1
Choco,2020-05-31,72,58,84,65,76,1
Choco,2020-06-01,73,58,86,66,77,1
Choco,2020-06-02,74,62,88,65,76,1
Choco,2020-06-03,75,60,88,69,80,1
Choco,2020-06-04,77,62,90,70,81,1
Choco,2020-06-05,78,64,92,70,81,1
Choco,2020-06-06,80,66,94,72,83,1
Choco,2020-06-07,81,67,93,76,86,1
Choco,2020-06-08,81,65,94,71,83,1
Choco,2020-06-09,81,67,95,73,84,1
Choco,2020-06-10,81,66,95,75,87,1
Choco,2020-06-11,80,65,93,73,84,1
Choco,2020-06-12,81,63,93,74,85,1
Choco,2020-06-13,80,64,93,71,83,1
Choco,2020-06-14,80,65,94,71,83,1
Choco,2020-06-15,82,66,94,76,87,1
Choco,2020-06-16,83,69,97,76,87,1
Choco,2020-06-17,85,69,99,78,89,1
Choco,2020-06-18,88,71,102,82,94,0.99
Choco,2020-06-19,90,74,104,83,95,0.99
Choco,2020-06-20,90,74,104,82,94,0.99
Choco,2020-06-21,90,73,103,83,95,0.99
Choco,2020-06-22,88.5,72,101,82,93,0.98
Choco,2020-06-23,86,71,99,76,88,0.98
Choco,2020-06-24,84,68,97,77,88,0.97
Choco,2020-06-25,84,68,97,75,87,0.96
Choco,2020-06-26,82,66,96,77,88,0.95
Choco,2020-06-27,79,66,94,72,83,0.94
Choco,2020-06-28,76,60,89,68,79,0.92
Choco,2020-06-29,72.5,60,89,63,75,0.9
Choco,2020-06-30,70,55,85,65,76,0.87
Choco,2020-07-01,68,52,83,61,73,0.84
Choco,2020-07-02,67,48,84,58,72,0.79
Cordoba,2020-03-11,1,1,1,1,1,1
Cordoba,2020-03-12,1,0,1,1,1,1
Cordoba,2020-03-13,0,0,0,0,0,1
Cordoba,2020-03-14,0,0,1,0,0,1
Cordoba,2020-03-15,0,0,1,0,0,1
Cordoba,2020-03-16,1,0,1,1,1,1
Cordoba,2020-03-17,0,0,1,0,0,1
Cordoba,2020-03-18,0,0,1,0,0,1
Cordoba,2020-03-19,0,0,1,0,0,1
Cordoba,2020-03-20,0,0,1,0,0,1
Cordoba,2020-03-21,0,0,1,0,0,1
Cordoba,2020-03-22,0,0,1,0,0,1
Cordoba,2020-03-23,0,0,1,0,0,1
Cordoba,2020-03-24,0,0,1,0,0,1
Cordoba,2020-03-25,0,0,1,0,0,1
Cordoba,2020-03-26,0,0,1,0,0,1
Cordoba,2020-03-27,0,0,1,0,0,1
Cordoba,2020-03-28,0,0,1,0,0,1
Cordoba,2020-03-29,0,0,1,0,0,1
Cordoba,2020-03-30,0,0,1,0,0,1
Cordoba,2020-03-31,0,0,1,0,0,1
Cordoba,2020-04-01,0,0,1,0,0,1
Cordoba,2020-04-02,0,0,1,0,0,1
Cordoba,2020-04-03,0,0,1,0,0,1
Cordoba,2020-04-04,0,0,1,0,0,1
Cordoba,2020-04-05,0,0,2,0,0,1
Cordoba,2020-04-06,1,0,2,0,1,1
Cordoba,2020-04-07,1,0,2,0,1,1
Cordoba,2020-04-08,1,0,2,0,1,1
Cordoba,2020-04-09,1,0,2,0,1,1
Cordoba,2020-04-10,1,0,3,0,1,1
Cordoba,2020-04-11,1,0,3,0,1,1
Cordoba,2020-04-12,2,0,4,1,2,1
Cordoba,2020-04-13,2,0,4,1,2,1
Cordoba,2020-04-14,2,0,4,0,2,1
Cordoba,2020-04-15,2,0,4,0,2,1
Cordoba,2020-04-16,2,0,4,0,2,1
Cordoba,2020-04-17,2,0,4,1,2,1
Cordoba,2020-04-18,2,0,4,1,2,1
Cordoba,2020-04-19,1,0,3,0,1,1
Cordoba,2020-04-20,1,0,3,0,1,1
Cordoba,2020-04-21,1,0,3,0,1,1
Cordoba,2020-04-22,1,0,2,0,1,1
Cordoba,2020-04-23,1,0,2,0,1,1
Cordoba,2020-04-24,1,0,3,0,1,1
Cordoba,2020-04-25,1,0,3,0,1,1
Cordoba,2020-04-26,1,0,3,0,1,1
Cordoba,2020-04-27,1,0,3,0,1,1
Cordoba,2020-04-28,2,0,3,1,2,1
Cordoba,2020-04-29,2,0,4,1,2,1
Cordoba,2020-04-30,2,0,4,0,2,1
Cordoba,2020-05-01,3,0,5,1,3,1
Cordoba,2020-05-02,3,0,5,1,3,1
Cordoba,2020-05-03,3,1,6,1,3,1
Cordoba,2020-05-04,4,0,6,2,4,1
Cordoba,2020-05-05,4,1,7,2,4,1
Cordoba,2020-05-06,4,1,7,3,5,1
Cordoba,2020-05-07,4,1,7,3,5,1
Cordoba,2020-05-08,4,2,8,3,5,1
Cordoba,2020-05-09,5,2,8,3,5,1
Cordoba,2020-05-10,4,1,8,3,5,1
Cordoba,2020-05-11,4,1,7,2,4,1
Cordoba,2020-05-12,4,1,7,2,4,1
Cordoba,2020-05-13,4,1,7,2,4,1
Cordoba,2020-05-14,4,0,6,2,4,1
Cordoba,2020-05-15,4,0,6,2,4,1
Cordoba,2020-05-16,4,1,7,3,5,1
Cordoba,2020-05-17,5,1,8,3,5,1
Cordoba,2020-05-18,5,1,8,2,5,1
Cordoba,2020-05-19,6,2,10,3,6,1
Cordoba,2020-05-20,7,3,11,4,7,1
Cordoba,2020-05-21,7,3,12,5,8,1
Cordoba,2020-05-22,8,3,12,6,9,1
Cordoba,2020-05-23,9,3,13,7,10,1
Cordoba,2020-05-24,10,4,14,6,10,1
Cordoba,2020-05-25,11,6,16,7,11,1
Cordoba,2020-05-26,11,5,16,7,11,1
Cordoba,2020-05-27,12,6,17,9,13,1
Cordoba,2020-05-28,12,7,17,9,13,1
Cordoba,2020-05-29,12,7,18,9,13,1
Cordoba,2020-05-30,13,7,18,10,14,1
Cordoba,2020-05-31,13,6,18,8,13,1
Cordoba,2020-06-01,13,7,19,8,13,1
Cordoba,2020-06-02,13,6,18,10,14,1
Cordoba,2020-06-03,14,7,19,9,14,1
Cordoba,2020-06-04,14,7,20,10,15,1
Cordoba,2020-06-05,16,9,22,12,17,1
Cordoba,2020-06-06,18,10,24,15,20,1
Cordoba,2020-06-07,19,11,26,15,21,1
Cordoba,2020-06-08,22,13,29,16,23,1
Cordoba,2020-06-09,23,14,31,20,26,1
Cordoba,2020-06-10,26,17,34,20,27,1
Cordoba,2020-06-11,28,19,36,23,30,1
Cordoba,2020-06-12,29,19,37,24,31,1
Cordoba,2020-06-13,31,21,39,26,33,1
Cordoba,2020-06-14,33,22,41,27,35,1
Cordoba,2020-06-15,34.5,23,44,29,37,1
Cordoba,2020-06-16,36,25,46,31,39,1
Cordoba,2020-06-17,38,26,48,32,41,1
Cordoba,2020-06-18,42,29,53,35,44,0.99
Cordoba,2020-06-19,46,34,58,39,49,0.99
Cordoba,2020-06-20,50,39,62,41,51,0.99
Cordoba,2020-06-21,54,41,65,47,57,0.99
Cordoba,2020-06-22,57.5,45,70,54,63,0.98
Cordoba,2020-06-23,59,46,71,52,62,0.98
Cordoba,2020-06-24,62,49,74,54,64,0.97
Cordoba,2020-06-25,64,52,78,60,70,0.97
Cordoba,2020-06-26,66,52,79,61,72,0.96
Cordoba,2020-06-27,68,53,80,59,70,0.94
Cordoba,2020-06-28,70,55,84,61,72,0.93
Cordoba,2020-06-29,72,58,87,63,75,0.91
Cordoba,2020-06-30,75,60,89,68,79,0.88
Cordoba,2020-07-01,76,61,92,67,79,0.85
Cordoba,2020-07-02,77,62,94,70,82,0.81
Cundinamarca,2020-03-05,1,1,1,1,1,1
Cundinamarca,2020-03-06,0,0,0,0,0,1
Cundinamarca,2020-03-07,1,0,1,1,1,1
Cundinamarca,2020-03-08,1,0,1,1,1,1
Cundinamarca,2020-03-09,0,0,1,0,0,1
Cundinamarca,2020-03-10,0,0,1,0,0,1
Cundinamarca,2020-03-11,0,0,1,0,0,1
Cundinamarca,2020-03-12,0,0,1,0,0,1
Cundinamarca,2020-03-13,0,0,1,0,0,1
Cundinamarca,2020-03-14,0,0,1,0,0,1
Cundinamarca,2020-03-15,0,0,1,0,0,1
Cundinamarca,2020-03-16,0,0,1,0,0,1
Cundinamarca,2020-03-17,0,0,1,0,0,1
Cundinamarca,2020-03-18,0,0,1,0,0,1
Cundinamarca,2020-03-19,0,0,1,0,0,1
Cundinamarca,2020-03-20,0,0,1,0,0,1
Cundinamarca,2020-03-21,0,0,1,0,0,1
Cundinamarca,2020-03-22,0,0,1,0,0,1
Cundinamarca,2020-03-23,0,0,1,0,0,1
Cundinamarca,2020-03-24,0,0,2,0,0,1
Cundinamarca,2020-03-25,0,0,2,0,0,1
Cundinamarca,2020-03-26,1,0,2,0,1,1
Cundinamarca,2020-03-27,1,0,2,0,1,1
Cundinamarca,2020-03-28,1,0,2,0,1,1
Cundinamarca,2020-03-29,1,0,3,0,1,1
Cundinamarca,2020-03-30,1,0,3,0,1,1
Cundinamarca,2020-03-31,2,0,4,1,2,1
Cundinamarca,2020-04-01,2,0,5,0,2,1
Cundinamarca,2020-04-02,2,0,5,0,2,1
Cundinamarca,2020-04-03,3,0,6,1,3,1
Cundinamarca,2020-04-04,4,0,7,2,4,1
Cundinamarca,2020-04-05,5,1,8,2,5,1
Cundinamarca,2020-04-06,6,2,10,3,6,1
Cundinamarca,2020-04-07,7,2,11,5,8,1
Cundinamarca,2020-04-08,8,3,13,5,9,1
Cundinamarca,2020-04-09,10,5,15,6,10,1
Cundinamarca,2020-04-10,12,6,17,9,13,1
Cundinamarca,2020-04-11,13,7,19,12,16,1
Cundinamarca,2020-04-12,15,10,22,12,17,1
Cundinamarca,2020-04-13,17,11,23,13,18,1
Cundinamarca,2020-04-14,18,11,25,15,20,1
Cundinamarca,2020-04-15,19,11,25,15,20,1
Cundinamarca,2020-04-16,19,11,26,14,20,1
Cundinamarca,2020-04-17,18,11,25,12,18,1
Cundinamarca,2020-04-18,15,9,22,12,17,1
Cundinamarca,2020-04-19,12,5,18,8,13,1
Cundinamarca,2020-04-20,9,4,14,6,10,1
Cundinamarca,2020-04-21,7,3,11,5,8,1
Cundinamarca,2020-04-22,6,3,10,4,7,1
Cundinamarca,2020-04-23,6,2,10,3,6,1
Cundinamarca,2020-04-24,6,2,10,4,7,1
Cundinamarca,2020-04-25,7,2,10,4,7,1
Cundinamarca,2020-04-26,7,3,11,4,7,1
Cundinamarca,2020-04-27,7,2,11,5,8,1
Cundinamarca,2020-04-28,8,3,12,6,9,1
Cundinamarca,2020-04-29,8,3,12,6,9,1
Cundinamarca,2020-04-30,9,3,13,5,9,1
Cundinamarca,2020-05-01,9,4,14,6,10,1
Cundinamarca,2020-05-02,10,5,15,6,10,1
Cundinamarca,2020-05-03,11,4,16,8,12,1
Cundinamarca,2020-05-04,12,6,17,9,13,1
Cundinamarca,2020-05-05,13,7,19,8,13,1
Cundinamarca,2020-05-06,14,6,20,10,15,1
Cundinamarca,2020-05-07,16,8,22,13,18,1
Cundinamarca,2020-05-08,17,9,24,12,18,1
Cundinamarca,2020-05-09,19,10,26,14,20,1
Cundinamarca,2020-05-10,21,12,29,16,22,1
Cundinamarca,2020-05-11,22,15,32,17,24,1
Cundinamarca,2020-05-12,25,15,34,21,28,1
Cundinamarca,2020-05-13,28,18,37,24,31,1
Cundinamarca,2020-05-14,31,22,42,25,33,1
Cundinamarca,2020-05-15,36,24,45,29,38,1
Cundinamarca,2020-05-16,39,28,50,32,41,1
Cundinamarca,2020-05-17,43,32,54,36,45,1
Cundinamarca,2020-05-18,47,35,56,40,49,1
Cundinamarca,2020-05-19,51,38,61,45,54,1
Cundinamarca,2020-05-20,54,41,64,48,57,1
Cundinamarca,2020-05-21,55,43,66,49,58,1
Cundinamarca,2020-05-22,56,43,66,50,59,1
Cundinamarca,2020-05-23,56,43,66,48,57,1
Cundinamarca,2020-05-24,55,44,67,50,59,1
Cundinamarca,2020-05-25,56,44,67,49,58,1
Cundinamarca,2020-05-26,56,44,68,51,60,1
Cundinamarca,2020-05-27,56,45,68,50,59,1
Cundinamarca,2020-05-28,57,44,68,51,60,1
Cundinamarca,2020-05-29,57,45,68,52,61,1
Cundinamarca,2020-05-30,58,43,68,50,60,1
Cundinamarca,2020-05-31,58,45,68,53,62,1
Cundinamarca,2020-06-01,58,44,68,54,63,1
Cundinamarca,2020-06-02,58,45,69,53,62,1
Cundinamarca,2020-06-03,59,45,69,52,62,1
Cundinamarca,2020-06-04,58,46,69,52,61,1
Cundinamarca,2020-06-05,57,45,68,49,59,1
Cundinamarca,2020-06-06,56,43,67,50,59,1
Cundinamarca,2020-06-07,55.5,45,68,49,58,1
Cundinamarca,2020-06-08,55,42,66,48,58,1
Cundinamarca,2020-06-09,56,43,68,49,59,1
Cundinamarca,2020-06-10,56,42,68,48,58,1
Cundinamarca,2020-06-11,59,46,71,52,62,1
Cundinamarca,2020-06-12,62,48,75,54,65,1
Cundinamarca,2020-06-13,65.5,52,80,55,67,1
Cundinamarca,2020-06-14,69,54,83,63,74,1
Cundinamarca,2020-06-15,73,60,89,64,76,1
Cundinamarca,2020-06-16,78,60,91,69,81,1
Cundinamarca,2020-06-17,82,67,97,72,85,1
Cundinamarca,2020-06-18,86,71,102,80,92,0.99
Cundinamarca,2020-06-19,91,75,106,83,95,0.99
Cundinamarca,2020-06-20,95,78,111,89,102,0.99
Cundinamarca,2020-06-21,98,79,113,90,103,0.99
Cundinamarca,2020-06-22,101,83,116,96,108,0.98
Cundinamarca,2020-06-23,103,86,118,97,109,0.98
Cundinamarca,2020-06-24,106,91,122,97,110,0.97
Cundinamarca,2020-06-25,109.5,92,125,100,113,0.97
Cundinamarca,2020-06-26,112,96,130,102,115,0.96
Cundinamarca,2020-06-27,114,95,130,106,119,0.94
Cundinamarca,2020-06-28,117,97,135,107,122,0.93
Cundinamarca,2020-06-29,120,100,139,108,124,0.91
Cundinamarca,2020-06-30,126,102,143,114,130,0.88
Cundinamarca,2020-07-01,133,113,155,119,136,0.85
Cundinamarca,2020-07-02,142,120,164,133,150,0.81
Huila,2020-03-06,1,1,1,1,1,1
Huila,2020-03-07,1,0,1,1,1,1
Huila,2020-03-08,0,0,0,0,0,1
Huila,2020-03-09,0,0,0,0,0,1
Huila,2020-03-10,0,0,1,0,0,1
Huila,2020-03-11,0,0,1,0,0,1
Huila,2020-03-12,1,0,1,1,1,1
Huila,2020-03-13,0,0,1,0,0,1
Huila,2020-03-14,0,0,1,0,0,1
Huila,2020-03-15,0,0,1,0,0,1
Huila,2020-03-16,0,0,1,0,0,1
Huila,2020-03-17,0,0,1,0,0,1
Huila,2020-03-18,0,0,1,0,0,1
Huila,2020-03-19,0,0,1,0,0,1
Huila,2020-03-20,0,0,1,0,0,1
Huila,2020-03-21,0,0,1,0,0,1
Huila,2020-03-22,0,0,1,0,0,1
Huila,2020-03-23,0,0,1,0,0,1
Huila,2020-03-24,0,0,1,0,0,1
Huila,2020-03-25,0,0,1,0,0,1
Huila,2020-03-26,0,0,1,0,0,1
Huila,2020-03-27,0,0,1,0,0,1
Huila,2020-03-28,0,0,1,0,0,1
Huila,2020-03-29,1,0,2,0,1,1
Huila,2020-03-30,1,0,2,0,1,1
Huila,2020-03-31,1,0,2,0,1,1
Huila,2020-04-01,1,0,2,0,1,1
Huila,2020-04-02,1,0,3,0,1,1
Huila,2020-04-03,1,0,3,0,1,1
Huila,2020-04-04,2,0,4,1,2,1
Huila,2020-04-05,2,0,4,0,2,1
Huila,2020-04-06,2,0,5,0,2,1
Huila,2020-04-07,3,0,6,1,3,1
Huila,2020-04-08,4,1,7,2,4,1
Huila,2020-04-09,5,1,8,3,5,1
Huila,2020-04-10,6,2,9,3,6,1
Huila,2020-04-11,6,2,10,4,7,1
Huila,2020-04-12,7,3,11,5,8,1
Huila,2020-04-13,8,3,12,6,9,1
Huila,2020-04-14,9,4,13,5,9,1
Huila,2020-04-15,9,4,13,8,11,1
Huila,2020-04-16,10,4,14,8,11,1
Huila,2020-04-17,9,4,14,6,10,1
Huila,2020-04-18,8,4,13,6,9,1
Huila,2020-04-19,7,3,11,5,8,1
Huila,2020-04-20,6,2,10,4,7,1
Huila,2020-04-21,6,2,9,3,6,1
Huila,2020-04-22,5,2,9,3,6,1
Huila,2020-04-23,5,2,9,4,6,1
Huila,2020-04-24,5,2,9,3,6,1
Huila,2020-04-25,5,1,8,4,6,1
Huila,2020-04-26,5,1,8,2,5,1
Huila,2020-04-27,5,2,8,3,5,1
Huila,2020-04-28,5,2,8,3,5,1
Huila,2020-04-29,5,2,8,3,5,1
Huila,2020-04-30,5,1,8,2,5,1
Huila,2020-05-01,5,2,9,2,5,1
Huila,2020-05-02,5,2,9,3,6,1
Huila,2020-05-03,6,1,9,3,6,1
Huila,2020-05-04,6,2,9,3,6,1
Huila,2020-05-05,6,2,9,3,6,1
Huila,2020-05-06,5,1,8,4,6,1
Huila,2020-05-07,5,2,8,3,5,1
Huila,2020-05-08,5,1,7,3,5,1
Huila,2020-05-09,4,1,7,2,4,1
Huila,2020-05-10,4,1,7,2,4,1
Huila,2020-05-11,4,0,6,2,4,1
Huila,2020-05-12,3,1,6,2,4,1
Huila,2020-05-13,3,1,6,1,3,1
Huila,2020-05-14,3,1,6,1,3,1
Huila,2020-05-15,3,1,6,1,3,1
Huila,2020-05-16,3,0,5,1,3,1
Huila,2020-05-17,3,0,5,1,3,1
Huila,2020-05-18,2,1,5,2,3,1
Huila,2020-05-19,2,0,4,2,3,1
Huila,2020-05-20,2,0,4,0,2,1
Huila,2020-05-21,2,0,4,1,2,1
Huila,2020-05-22,2,0,4,1,2,1
Huila,2020-05-23,2,0,4,1,2,1
Huila,2020-05-24,2,0,3,1,2,1
Huila,2020-05-25,1,0,3,0,1,1
Huila,2020-05-26,1,0,3,0,1,1
Huila,2020-05-27,1,0,3,0,1,1
Huila,2020-05-28,2,0,3,1,2,1
Huila,2020-05-29,2,0,3,1,2,1
Huila,2020-05-30,2,0,4,1,2,1
Huila,2020-05-31,2,0,4,1,2,1
Huila,2020-06-01,2,0,4,2,3,1
Huila,2020-06-02,2,0,5,0,2,1
Huila,2020-06-03,3,0,5,1,3,1
Huila,2020-06-04,3,0,5,1,3,1
Huila,2020-06-05,3,1,6,1,3,1
Huila,2020-06-06,3,1,6,1,3,1
Huila,2020-06-07,3,0,6,2,4,1
Huila,2020-06-08,4,1,6,2,4,1
Huila,2020-06-09,4,0,6,2,4,0.99
Huila,2020-06-10,4,1,7,2,4,0.99
Huila,2020-06-11,4,1,7,3,5,0.99
Huila,2020-06-12,4,1,7,3,5,0.99
Huila,2020-06-13,4.5,2,8,3,5,0.98
Huila,2020-06-14,5,1,8,2,5,0.98
Huila,2020-06-15,5,2,8,3,5,0.97
Huila,2020-06-16,5,1,8,4,6,0.96
Huila,2020-06-17,5,2,9,2,5,0.95
Huila,2020-06-18,5,2,9,3,6,0.94
Huila,2020-06-19,6,1,9,3,6,0.92
Huila,2020-06-20,6,2,10,3,6,0.9
Huila,2020-06-21,7,2,11,5,8,0.87
Huila,2020-06-22,8,3,13,4,8,0.84
Huila,2020-06-23,9,2,14,6,10,0.79
Huila,2020-06-24,10,4,17,6,11,0.73
La guajira,2020-03-19,1,1,1,1,1,1
La guajira,2020-03-20,0,0,0,0,0,1
La guajira,2020-03-21,1,0,1,1,1,1
La guajira,2020-03-22,0.5,0,1,0,1,1
La guajira,2020-03-23,0,0,1,0,0,1
La guajira,2020-03-24,0,0,1,0,0,1
La guajira,2020-03-25,0,0,1,0,0,1
La guajira,2020-03-26,0,0,1,0,0,1
La guajira,2020-03-27,0,0,1,0,0,1
La guajira,2020-03-28,0,0,1,0,0,1
La guajira,2020-03-29,0,0,1,0,0,1
La guajira,2020-03-30,0,0,1,0,0,1
La guajira,2020-03-31,0,0,1,0,0,1
La guajira,2020-04-01,0,0,1,0,0,1
La guajira,2020-04-02,0,0,1,0,0,1
La guajira,2020-04-03,0,0,1,0,0,1
La guajira,2020-04-04,0,0,1,0,0,1
La guajira,2020-04-05,0,0,1,0,0,1
La guajira,2020-04-06,0,0,1,0,0,1
La guajira,2020-04-07,0,0,1,0,0,1
La guajira,2020-04-08,0,0,1,0,0,1
La guajira,2020-04-09,0,0,1,0,0,1
La guajira,2020-04-10,0,0,1,0,0,1
La guajira,2020-04-11,0,0,1,0,0,1
La guajira,2020-04-12,0,0,1,0,0,1
La guajira,2020-04-13,0,0,2,0,0,1
La guajira,2020-04-14,1,0,2,0,1,1
La guajira,2020-04-15,1,0,2,0,1,1
La guajira,2020-04-16,1,0,2,0,1,1
La guajira,2020-04-17,1,0,2,0,1,1
La guajira,2020-04-18,1,0,2,0,1,1
La guajira,2020-04-19,1,0,2,0,1,1
La guajira,2020-04-20,1,0,2,0,1,1
La guajira,2020-04-21,1,0,2,0,1,1
La guajira,2020-04-22,1,0,3,0,1,1
La guajira,2020-04-23,1,0,3,0,1,1
La guajira,2020-04-24,1,0,3,0,1,1
La guajira,2020-04-25,1,0,3,0,1,1
La guajira,2020-04-26,1,0,3,0,1,1
La guajira,2020-04-27,1,0,3,0,1,1
La guajira,2020-04-28,1,0,3,0,1,1
La guajira,2020-04-29,2,0,4,1,2,1
La guajira,2020-04-30,2,0,4,1,2,1
La guajira,2020-05-01,2,0,4,1,2,1
La guajira,2020-05-02,2,0,4,1,2,1
La guajira,2020-05-03,2,0,4,2,3,1
La guajira,2020-05-04,2,0,5,0,2,1
La guajira,2020-05-05,2,0,5,0,2,1
La guajira,2020-05-06,2,0,5,0,2,1
La guajira,2020-05-07,2,0,4,0,2,1
La guajira,2020-05-08,2,0,4,1,2,1
La guajira,2020-05-09,2,0,4,1,2,1
La guajira,2020-05-10,2,0,4,1,2,1
La guajira,2020-05-11,2,0,4,1,2,1
La guajira,2020-05-12,1,0,3,0,1,1
La guajira,2020-05-13,1,0,3,0,1,1
La guajira,2020-05-14,1,0,3,0,1,1
La guajira,2020-05-15,1,0,3,0,1,1
La guajira,2020-05-16,1,0,3,0,1,1
La guajira,2020-05-17,2,0,4,1,2,1
La guajira,2020-05-18,2,0,4,1,2,1
La guajira,2020-05-19,2,0,4,0,2,1
La guajira,2020-05-20,3,0,5,1,3,1
La guajira,2020-05-21,3,0,5,1,3,1
La guajira,2020-05-22,3,1,6,1,3,1
La guajira,2020-05-23,3,1,6,1,3,1
La guajira,2020-05-24,4,1,7,2,4,1
La guajira,2020-05-25,4,1,7,3,5,1
La guajira,2020-05-26,5,2,8,3,5,1
La guajira,2020-05-27,5,1,8,4,6,1
La guajira,2020-05-28,6,2,9,3,6,1
La guajira,2020-05-29,6,1,9,3,6,1
La guajira,2020-05-30,6,2,10,4,7,1
La guajira,2020-05-31,7,2,10,4,7,1
La guajira,2020-06-01,7,3,11,4,7,1
La guajira,2020-06-02,7,3,11,4,7,1
La guajira,2020-06-03,7,2,11,5,8,1
La guajira,2020-06-04,7,2,11,5,8,1
La guajira,2020-06-05,8,3,12,6,9,1
La guajira,2020-06-06,9,4,14,5,9,1
La guajira,2020-06-07,10,4,15,7,11,1
La guajira,2020-06-08,11,5,16,6,11,1
La guajira,2020-06-09,13,6,18,10,14,1
La guajira,2020-06-10,14,8,20,9,14,1
La guajira,2020-06-11,15,8,21,12,17,1
La guajira,2020-06-12,17,10,24,14,19,1
La guajira,2020-06-13,18,10,25,13,19,1
La guajira,2020-06-14,20,12,27,15,21,1
La guajira,2020-06-15,22,14,30,18,24,1
La guajira,2020-06-16,24,15,33,19,26,1
La guajira,2020-06-17,26,18,35,23,29,1
La guajira,2020-06-18,29,21,38,23,30,0.99
La guajira,2020-06-19,30,21,39,25,33,0.99
La guajira,2020-06-20,33,24,42,26,34,0.99
La guajira,2020-06-21,35,25,44,30,37,0.99
La guajira,2020-06-22,38,26,46,32,40,0.98
La guajira,2020-06-23,39,29,48,35,42,0.98
La guajira,2020-06-24,41,31,51,35,43,0.97
La guajira,2020-06-25,41,32,51,36,43,0.96
La guajira,2020-06-26,41,29,50,35,43,0.95
La guajira,2020-06-27,41,30,51,35,43,0.94
La guajira,2020-06-28,42,32,53,36,44,0.92
La guajira,2020-06-29,42,31,52,35,44,0.9
La guajira,2020-06-30,42,30,52,37,45,0.88
La guajira,2020-07-01,42.5,31,55,36,45,0.84
La guajira,2020-07-02,43,30,56,37,47,0.8
Magdalena,2020-03-08,1,1,1,1,1,1
Magdalena,2020-03-09,1,0,1,1,1,1
Magdalena,2020-03-10,1,0,1,1,1,1
Magdalena,2020-03-11,0.5,0,1,0,1,1
Magdalena,2020-03-12,0,0,1,0,0,1
Magdalena,2020-03-13,1,0,1,1,1,1
Magdalena,2020-03-14,0,0,1,0,0,1
Magdalena,2020-03-15,0,0,1,0,0,1
Magdalena,2020-03-16,0,0,1,0,0,1
Magdalena,2020-03-17,0,0,1,0,0,1
Magdalena,2020-03-18,0,0,1,0,0,1
Magdalena,2020-03-19,0,0,1,0,0,1
Magdalena,2020-03-20,0,0,1,0,0,1
Magdalena,2020-03-21,0,0,1,0,0,1
Magdalena,2020-03-22,0,0,1,0,0,1
Magdalena,2020-03-23,0,0,1,0,0,1
Magdalena,2020-03-24,0,0,1,0,0,1
Magdalena,2020-03-25,0,0,1,0,0,1
Magdalena,2020-03-26,0,0,2,0,0,1
Magdalena,2020-03-27,0,0,2,0,0,1
Magdalena,2020-03-28,1,0,2,0,1,1
Magdalena,2020-03-29,1,0,2,0,1,1
Magdalena,2020-03-30,1,0,3,0,1,1
Magdalena,2020-03-31,1,0,3,0,1,1
Magdalena,2020-04-01,1,0,4,0,1,1
Magdalena,2020-04-02,2,0,4,0,2,1
Magdalena,2020-04-03,2,0,5,0,2,1
Magdalena,2020-04-04,3,0,6,1,3,1
Magdalena,2020-04-05,4,0,7,2,4,1
Magdalena,2020-04-06,4,1,8,2,5,1
Magdalena,2020-04-07,6,1,9,3,6,1
Magdalena,2020-04-08,7,2,11,4,7,1
Magdalena,2020-04-09,8,3,12,4,8,1
Magdalena,2020-04-10,9,5,15,6,10,1
Magdalena,2020-04-11,11,5,16,8,12,1
Magdalena,2020-04-12,13,7,18,10,14,1
Magdalena,2020-04-13,14,9,21,10,15,1
Magdalena,2020-04-14,15,9,21,11,16,1
Magdalena,2020-04-15,17,10,23,13,18,1
Magdalena,2020-04-16,17,10,23,13,18,1
Magdalena,2020-04-17,16,9,22,12,17,1
Magdalena,2020-04-18,15,8,21,11,16,1
Magdalena,2020-04-19,13,6,18,11,15,1
Magdalena,2020-04-20,11,6,16,8,12,1
Magdalena,2020-04-21,10,5,15,6,10,1
Magdalena,2020-04-22,10,4,14,6,10,1
Magdalena,2020-04-23,10,4,14,6,10,1
Magdalena,2020-04-24,10,5,14,7,11,1
Magdalena,2020-04-25,10,5,15,7,11,1
Magdalena,2020-04-26,10,5,15,7,11,1
Magdalena,2020-04-27,10,5,15,6,10,1
Magdalena,2020-04-28,10,4,14,6,10,1
Magdalena,2020-04-29,10,4,14,6,10,1
Magdalena,2020-04-30,10,5,15,7,11,1
Magdalena,2020-05-01,11,5,16,8,12,1
Magdalena,2020-05-02,12,6,17,10,14,1
Magdalena,2020-05-03,13,8,19,11,15,1
Magdalena,2020-05-04,14,7,19,12,16,1
Magdalena,2020-05-05,15,9,21,11,16,1
Magdalena,2020-05-06,16,9,22,14,18,1
Magdalena,2020-05-07,17,10,22,15,19,1
Magdalena,2020-05-08,17,9,22,13,18,1
Magdalena,2020-05-09,17,10,22,13,18,1
Magdalena,2020-05-10,16,10,22,12,17,1
Magdalena,2020-05-11,16,9,21,12,17,1
Magdalena,2020-05-12,15,8,20,12,16,1
Magdalena,2020-05-13,15,8,20,10,15,1
Magdalena,2020-05-14,14,8,20,11,15,1
Magdalena,2020-05-15,14,8,20,10,15,1
Magdalena,2020-05-16,15,10,21,10,15,1
Magdalena,2020-05-17,15,9,21,11,16,1
Magdalena,2020-05-18,16,9,22,12,17,1
Magdalena,2020-05-19,17,10,23,13,18,1
Magdalena,2020-05-20,18,11,24,14,19,1
Magdalena,2020-05-21,19,11,25,16,21,1
Magdalena,2020-05-22,20,13,27,17,22,1
Magdalena,2020-05-23,20,13,27,17,22,1
Magdalena,2020-05-24,21,13,28,16,22,1
Magdalena,2020-05-25,22,13,28,19,24,1
Magdalena,2020-05-26,23,15,30,18,24,1
Magdalena,2020-05-27,23,15,31,19,25,1
Magdalena,2020-05-28,24,16,31,19,25,1
Magdalena,2020-05-29,24,16,32,21,27,1
Magdalena,2020-05-30,25,17,33,21,27,1
Magdalena,2020-05-31,26,16,33,20,27,1
Magdalena,2020-06-01,27,17,35,22,29,1
Magdalena,2020-06-02,29,18,37,23,30,1
Magdalena,2020-06-03,30,19,39,24,32,1
Magdalena,2020-06-04,33,22,42,26,34,1
Magdalena,2020-06-05,36,25,45,30,38,1
Magdalena,2020-06-06,38,26,48,33,41,1
Magdalena,2020-06-07,41,31,53,34,43,1
Magdalena,2020-06-08,44,33,55,37,46,1
Magdalena,2020-06-09,47,36,58,40,49,1
Magdalena,2020-06-10,49,37,60,43,52,1
Magdalena,2020-06-11,51,38,62,45,54,1
Magdalena,2020-06-12,54,42,65,48,57,1
Magdalena,2020-06-13,57,44,68,48,58,1
Magdalena,2020-06-14,59,48,71,51,61,1
Magdalena,2020-06-15,61,46,71,57,66,1
Magdalena,2020-06-16,63,51,75,56,66,1
Magdalena,2020-06-17,65,50,76,59,69,1
Magdalena,2020-06-18,67,53,78,61,71,0.99
Magdalena,2020-06-19,69,55,81,61,71,0.99
Magdalena,2020-06-20,71,57,83,63,74,0.99
Magdalena,2020-06-21,72,58,85,66,77,0.99
Magdalena,2020-06-22,72,59,85,65,75,0.98
Magdalena,2020-06-23,72,58,85,67,77,0.98
Magdalena,2020-06-24,73,57,85,66,77,0.97
Magdalena,2020-06-25,73,57,87,66,78,0.96
Magdalena,2020-06-26,75,60,89,66,78,0.95
Magdalena,2020-06-27,78,61,93,69,82,0.94
Magdalena,2020-06-28,82,64,98,74,87,0.92
Magdalena,2020-06-29,86,67,103,76,90,0.9
Magdalena,2020-06-30,92,72,110,79,95,0.87
Magdalena,2020-07-01,97,78,119,85,101,0.84
Magdalena,2020-07-02,102,80,125,90,108,0.79
Meta,2020-03-03,1,1,1,1,1,1
Meta,2020-03-04,0,0,0,0,0,1
Meta,2020-03-05,0.5,0,1,0,1,1
Meta,2020-03-06,0.5,0,1,0,1,1
Meta,2020-03-07,0.5,0,1,0,1,1
Meta,2020-03-08,0,0,1,0,0,1
Meta,2020-03-09,0.5,0,1,0,1,1
Meta,2020-03-10,0,0,1,0,0,1
Meta,2020-03-11,0.5,0,1,0,1,1
Meta,2020-03-12,0,0,1,0,0,1
Meta,2020-03-13,0,0,1,0,0,1
Meta,2020-03-14,0,0,1,0,0,1
Meta,2020-03-15,0,0,1,0,0,1
Meta,2020-03-16,0,0,1,0,0,1
Meta,2020-03-17,0,0,1,0,0,1
Meta,2020-03-18,0,0,1,0,0,1
Meta,2020-03-19,0,0,1,0,0,1
Meta,2020-03-20,0,0,1,0,0,1
Meta,2020-03-21,0,0,1,0,0,1
Meta,2020-03-22,0,0,1,0,0,1
Meta,2020-03-23,0,0,1,0,0,1
Meta,2020-03-24,1,0,2,0,1,1
Meta,2020-03-25,1,0,2,0,1,1
Meta,2020-03-26,1,0,2,0,1,1
Meta,2020-03-27,1,0,2,0,1,1
Meta,2020-03-28,1,0,3,0,1,1
Meta,2020-03-29,1,0,3,0,1,1
Meta,2020-03-30,1,0,4,0,1,1
Meta,2020-03-31,2,0,4,1,2,1
Meta,2020-04-01,2,0,5,0,2,1
Meta,2020-04-02,3,0,6,1,3,1
Meta,2020-04-03,3,0,7,2,4,1
Meta,2020-04-04,4,1,9,2,5,1
Meta,2020-04-05,6,0,10,2,6,1
Meta,2020-04-06,7,1,12,4,8,1
Meta,2020-04-07,8,2,14,6,10,1
Meta,2020-04-08,11,4,17,5,11,1
Meta,2020-04-09,13,7,21,8,14,1
Meta,2020-04-10,16,7,23,11,17,1
Meta,2020-04-11,19,11,28,13,20,1
Meta,2020-04-12,22,12,30,17,24,1
Meta,2020-04-13,26,17,35,21,28,1
Meta,2020-04-14,30,20,39,24,32,1
Meta,2020-04-15,34,24,43,28,36,1
Meta,2020-04-16,37,26,45,32,39,1
Meta,2020-04-17,40,29,48,34,42,1
Meta,2020-04-18,41,30,51,35,43,1
Meta,2020-04-19,43,31,52,37,45,1
Meta,2020-04-20,42,31,51,37,45,1
Meta,2020-04-21,43,30,51,38,46,1
Meta,2020-04-22,43,31,53,38,46,1
Meta,2020-04-23,44,33,54,39,47,1
Meta,2020-04-24,44,34,55,38,46,1
Meta,2020-04-25,43,30,53,37,46,1
Meta,2020-04-26,43,30,52,39,47,1
Meta,2020-04-27,41,29,51,35,44,1
Meta,2020-04-28,39,27,50,33,42,1
Meta,2020-04-29,37,25,48,32,40,1
Meta,2020-04-30,33,22,43,28,36,1
Meta,2020-05-01,29,17,39,23,32,1
Meta,2020-05-02,24,15,34,20,27,1
Meta,2020-05-03,19,10,28,14,21,1
Meta,2020-05-04,15,7,22,12,17,1
Meta,2020-05-05,11,4,17,7,12,1
Meta,2020-05-06,8,3,13,6,9,1
Meta,2020-05-07,5,1,9,3,6,1
Meta,2020-05-08,4,1,7,2,4,1
Meta,2020-05-09,3,0,5,1,3,1
Meta,2020-05-10,3,0,5,1,3,1
Meta,2020-05-11,3,0,5,1,3,1
Meta,2020-05-12,2,0,5,0,2,1
Meta,2020-05-13,2,0,4,0,2,1
Meta,2020-05-14,2,0,4,1,2,1
Meta,2020-05-15,2,0,4,1,2,1
Meta,2020-05-16,2,0,4,1,2,1
Meta,2020-05-17,2,0,4,1,2,1
Meta,2020-05-18,1.5,0,3,1,2,1
Meta,2020-05-19,2,0,3,1,2,1
Meta,2020-05-20,2,0,4,1,2,1
Meta,2020-05-21,2,0,4,1,2,1
Meta,2020-05-22,2,0,4,1,2,1
Meta,2020-05-23,2,0,4,1,2,1
Meta,2020-05-24,2,0,5,0,2,1
Meta,2020-05-25,2,0,5,0,2,1
Meta,2020-05-26,3,0,5,1,3,1
Meta,2020-05-27,3,1,6,1,3,1
Meta,2020-05-28,4,0,6,2,4,1
Meta,2020-05-29,4,1,7,2,4,1
Meta,2020-05-30,4,1,7,2,4,1
Meta,2020-05-31,4,1,8,3,5,1
Meta,2020-06-01,5,1,8,2,5,1
Meta,2020-06-02,6,1,9,3,6,1
Meta,2020-06-03,6,1,9,3,6,1
Meta,2020-06-04,7,2,10,4,7,1
Meta,2020-06-05,8,3,12,5,8,1
Meta,2020-06-06,8,3,12,4,8,1
Meta,2020-06-07,9,4,13,5,9,1
Meta,2020-06-08,10,5,15,6,10,1
Meta,2020-06-09,11,5,16,7,11,1
Meta,2020-06-10,12,6,17,10,14,1
Meta,2020-06-11,14,7,19,11,15,1
Meta,2020-06-12,15,8,20,10,15,1
Meta,2020-06-13,16,10,22,13,17,1
Meta,2020-06-14,17,10,23,13,18,1
Meta,2020-06-15,18,11,24,14,19,1
Meta,2020-06-16,18,11,24,14,19,1
Meta,2020-06-17,19,12,25,15,20,1
Meta,2020-06-18,19,12,25,15,20,0.99
Meta,2020-06-19,19,11,25,16,21,0.99
Meta,2020-06-20,19,13,26,16,21,0.99
Meta,2020-06-21,20,12,26,15,21,0.99
Meta,2020-06-22,20,12,26,14,20,0.98
Meta,2020-06-23,21,14,29,16,22,0.98
Meta,2020-06-24,22,14,30,17,23,0.97
Meta,2020-06-25,23,15,30,18,24,0.96
Meta,2020-06-26,25,15,32,19,26,0.95
Meta,2020-06-27,26,18,35,20,27,0.94
Meta,2020-06-28,28,18,37,23,30,0.93
Meta,2020-06-29,30,19,39,23,31,0.91
Meta,2020-06-30,32,21,42,25,33,0.88
Meta,2020-07-01,35,23,46,28,37,0.84
Meta,2020-07-02,39,24,49,32,41,0.8
Narino,2020-03-06,1,1,1,1,1,1
Narino,2020-03-07,0.5,0,1,0,1,1
Narino,2020-03-08,0,0,0,0,0,1
Narino,2020-03-09,0,0,1,0,0,1
Narino,2020-03-10,0,0,1,0,0,1
Narino,2020-03-11,0,0,1,0,0,1
Narino,2020-03-12,0,0,1,0,0,1
Narino,2020-03-13,0,0,1,0,0,1
Narino,2020-03-14,0,0,1,0,0,1
Narino,2020-03-15,0,0,1,0,0,1
Narino,2020-03-16,0,0,1,0,0,1
Narino,2020-03-17,0,0,1,0,0,1
Narino,2020-03-18,0,0,1,0,0,1
Narino,2020-03-19,0,0,1,0,0,1
Narino,2020-03-20,0,0,1,0,0,1
Narino,2020-03-21,0,0,1,0,0,1
Narino,2020-03-22,0,0,1,0,0,1
Narino,2020-03-23,0,0,1,0,0,1
Narino,2020-03-24,0,0,1,0,0,1
Narino,2020-03-25,0,0,1,0,0,1
Narino,2020-03-26,0,0,1,0,0,1
Narino,2020-03-27,0,0,1,0,0,1
Narino,2020-03-28,1,0,2,0,1,1
Narino,2020-03-29,1,0,2,0,1,1
Narino,2020-03-30,1,0,2,0,1,1
Narino,2020-03-31,1,0,2,0,1,1
Narino,2020-04-01,1,0,3,0,1,1
Narino,2020-04-02,1,0,3,0,1,1
Narino,2020-04-03,1,0,3,0,1,1
Narino,2020-04-04,2,0,4,1,2,1
Narino,2020-04-05,2,0,5,0,2,1
Narino,2020-04-06,3,0,6,1,3,1
Narino,2020-04-07,3,0,6,2,4,1
Narino,2020-04-08,4,0,7,3,5,1
Narino,2020-04-09,5,1,9,2,5,1
Narino,2020-04-10,6,2,10,3,6,1
Narino,2020-04-11,7,2,11,5,8,1
Narino,2020-04-12,8,3,12,4,8,1
Narino,2020-04-13,10,4,14,6,10,1
Narino,2020-04-14,11,6,16,8,12,1
Narino,2020-04-15,12,6,17,8,12,1
Narino,2020-04-16,13,7,18,10,14,1
Narino,2020-04-17,14,8,19,11,15,1
Narino,2020-04-18,14,7,19,12,16,1
Narino,2020-04-19,13,7,19,11,15,1
Narino,2020-04-20,13,7,19,9,14,1
Narino,2020-04-21,14,8,19,11,15,1
Narino,2020-04-22,14,8,20,12,16,1
Narino,2020-04-23,15,8,21,11,16,1
Narino,2020-04-24,16,10,22,12,17,1
Narino,2020-04-25,17,10,23,14,19,1
Narino,2020-04-26,18,12,25,15,20,1
Narino,2020-04-27,19,12,25,16,21,1
Narino,2020-04-28,19,12,26,14,20,1
Narino,2020-04-29,19,11,25,16,21,1
Narino,2020-04-30,20,11,26,15,21,1
Narino,2020-05-01,20,12,27,15,21,1
Narino,2020-05-02,21,13,28,16,22,1
Narino,2020-05-03,23,14,30,17,24,1
Narino,2020-05-04,25,16,33,20,26,1
Narino,2020-05-05,27,18,35,21,28,1
Narino,2020-05-06,29,20,38,23,30,1
Narino,2020-05-07,30,21,39,25,32,1
Narino,2020-05-08,32,22,40,28,35,1
Narino,2020-05-09,34,23,43,27,35,1
Narino,2020-05-10,35,26,45,31,38,1
Narino,2020-05-11,36,27,46,30,38,1
Narino,2020-05-12,38,28,48,33,41,1
Narino,2020-05-13,39,27,49,32,41,1
Narino,2020-05-14,42,31,53,34,44,1
Narino,2020-05-15,45,32,55,40,49,1
Narino,2020-05-16,47.5,35,58,40,49,1
Narino,2020-05-17,51,38,62,44,54,1
Narino,2020-05-18,54,42,66,47,56,1
Narino,2020-05-19,57,43,68,50,60,1
Narino,2020-05-20,60,45,71,54,64,1
Narino,2020-05-21,62,49,74,55,65,1
Narino,2020-05-22,65,53,78,58,68,1
Narino,2020-05-23,69,54,80,63,73,1
Narino,2020-05-24,72,59,86,64,75,1
Narino,2020-05-25,74,59,86,66,77,1
Narino,2020-05-26,75,60,87,65,76,1
Narino,2020-05-27,75,60,87,67,78,1
Narino,2020-05-28,75,59,87,67,78,1
Narino,2020-05-29,74,60,87,67,78,1
Narino,2020-05-30,75,62,89,67,78,1
Narino,2020-05-31,75,61,87,67,78,1
Narino,2020-06-01,74,61,88,66,77,1
Narino,2020-06-02,74,59,86,65,76,1
Narino,2020-06-03,73,59,86,64,75,1
Narino,2020-06-04,70.5,57,83,66,77,1
Narino,2020-06-05,68,55,81,64,74,1
Narino,2020-06-06,65,50,76,58,68,1
Narino,2020-06-07,64,50,76,58,68,1
Narino,2020-06-08,63,50,76,56,67,1
Narino,2020-06-09,64,49,77,57,68,1
Narino,2020-06-10,68,53,81,61,72,1
Narino,2020-06-11,72,57,85,64,75,1
Narino,2020-06-12,76,61,88,68,79,1
Narino,2020-06-13,80,65,94,72,83,1
Narino,2020-06-14,83,68,98,78,89,1
Narino,2020-06-15,84,68,98,77,89,1
Narino,2020-06-16,87,71,101,79,91,1
Narino,2020-06-17,88,74,104,80,92,1
Narino,2020-06-18,91,75,104,84,96,0.99
Narino,2020-06-19,92,77,106,84,96,0.99
Narino,2020-06-20,96,78,110,89,101,0.99
Narino,2020-06-21,97,80,112,91,103,0.99
Narino,2020-06-22,98,82,113,92,104,0.98
Narino,2020-06-23,99,83,114,93,104,0.98
Narino,2020-06-24,98,82,113,91,103,0.97
Narino,2020-06-25,97,79,111,88,101,0.97
Narino,2020-06-26,96,79,110,87,100,0.96
Narino,2020-06-27,96,79,111,87,100,0.94
Narino,2020-06-28,95,77,109,85,98,0.93
Narino,2020-06-29,96,78,110,89,102,0.91
Narino,2020-06-30,96,80,112,87,100,0.88
Narino,2020-07-01,96,79,112,88,101,0.85
Narino,2020-07-02,95,76,112,87,101,0.81
Norte de santander,2020-03-05,1,1,1,1,1,1
Norte de santander,2020-03-06,0,0,0,0,0,1
Norte de santander,2020-03-07,0,0,0,0,0,1
Norte de santander,2020-03-08,0,0,0,0,0,1
Norte de santander,2020-03-09,0,0,0,0,0,1
Norte de santander,2020-03-10,0,0,0,0,0,1
Norte de santander,2020-03-11,0.5,0,1,0,1,1
Norte de santander,2020-03-12,0.5,0,1,0,1,1
Norte de santander,2020-03-13,0,0,1,0,0,1
Norte de santander,2020-03-14,1,0,1,1,1,1
Norte de santander,2020-03-15,1,0,1,1,1,1
Norte de santander,2020-03-16,0,0,1,0,0,1
Norte de santander,2020-03-17,0,0,1,0,0,1
Norte de santander,2020-03-18,0,0,1,0,0,1
Norte de santander,2020-03-19,0,0,1,0,0,1
Norte de santander,2020-03-20,0,0,1,0,0,1
Norte de santander,2020-03-21,0,0,1,0,0,1
Norte de santander,2020-03-22,0,0,1,0,0,1
Norte de santander,2020-03-23,0,0,1,0,0,1
Norte de santander,2020-03-24,0,0,1,0,0,1
Norte de santander,2020-03-25,0,0,1,0,0,1
Norte de santander,2020-03-26,0,0,1,0,0,1
Norte de santander,2020-03-27,0,0,1,0,0,1
Norte de santander,2020-03-28,0,0,1,0,0,1
Norte de santander,2020-03-29,0,0,1,0,0,1
Norte de santander,2020-03-30,0,0,1,0,0,1
Norte de santander,2020-03-31,0,0,2,0,0,1
Norte de santander,2020-04-01,1,0,2,0,1,1
Norte de santander,2020-04-02,1,0,2,0,1,1
Norte de santander,2020-04-03,1,0,2,0,1,1
Norte de santander,2020-04-04,1,0,3,0,1,1
Norte de santander,2020-04-05,1,0,3,0,1,1
Norte de santander,2020-04-06,2,0,4,1,2,1
Norte de santander,2020-04-07,2,0,4,0,2,1
Norte de santander,2020-04-08,3,0,5,1,3,1
Norte de santander,2020-04-09,3,1,6,1,3,1
Norte de santander,2020-04-10,4,0,6,2,4,1
Norte de santander,2020-04-11,4,1,7,3,5,1
Norte de santander,2020-04-12,5,2,8,4,6,1
Norte de santander,2020-04-13,5,2,9,4,6,1
Norte de santander,2020-04-14,6,3,10,3,6,1
Norte de santander,2020-04-15,6,2,9,3,6,1
Norte de santander,2020-04-16,6,1,9,3,6,1
Norte de santander,2020-04-17,5.5,2,9,3,6,1
Norte de santander,2020-04-18,5,1,8,2,5,1
Norte de santander,2020-04-19,4,1,7,2,4,1
Norte de santander,2020-04-20,3,0,5,1,3,1
Norte de santander,2020-04-21,2,0,5,0,2,1
Norte de santander,2020-04-22,2,0,4,0,2,1
Norte de santander,2020-04-23,2,0,4,0,2,1
Norte de santander,2020-04-24,2,0,4,0,2,1
Norte de santander,2020-04-25,2,0,4,0,2,1
Norte de santander,2020-04-26,2,0,5,0,2,1
Norte de santander,2020-04-27,2,0,4,2,3,1
Norte de santander,2020-04-28,2,0,4,0,2,1
Norte de santander,2020-04-29,2,0,4,1,2,1
Norte de santander,2020-04-30,2,0,4,1,2,1
Norte de santander,2020-05-01,2,0,4,1,2,1
Norte de santander,2020-05-02,2,0,4,1,2,1
Norte de santander,2020-05-03,2,0,4,1,2,1
Norte de santander,2020-05-04,2,0,4,1,2,1
Norte de santander,2020-05-05,2,0,4,1,2,1
Norte de santander,2020-05-06,2,0,4,1,2,1
Norte de santander,2020-05-07,2,0,3,1,2,1
Norte de santander,2020-05-08,2,0,3,1,2,1
Norte de santander,2020-05-09,1,0,3,0,1,1
Norte de santander,2020-05-10,1,0,3,0,1,1
Norte de santander,2020-05-11,1,0,3,0,1,1
Norte de santander,2020-05-12,1,0,3,0,1,1
Norte de santander,2020-05-13,1,0,3,0,1,1
Norte de santander,2020-05-14,1,0,3,0,1,1
Norte de santander,2020-05-15,1,0,3,0,1,1
Norte de santander,2020-05-16,1,0,3,0,1,1
Norte de santander,2020-05-17,1,0,3,0,1,1
Norte de santander,2020-05-18,1,0,3,0,1,1
Norte de santander,2020-05-19,1,0,3,0,1,1
Norte de santander,2020-05-20,1,0,3,0,1,1
Norte de santander,2020-05-21,1,0,3,0,1,1
Norte de santander,2020-05-22,2,0,3,1,2,1
Norte de santander,2020-05-23,2,0,4,1,2,1
Norte de santander,2020-05-24,2,0,4,1,2,1
Norte de santander,2020-05-25,2,0,4,1,2,1
Norte de santander,2020-05-26,2,0,4,1,2,1
Norte de santander,2020-05-27,2,0,4,0,2,1
Norte de santander,2020-05-28,2,0,5,0,2,1
Norte de santander,2020-05-29,3,0,5,1,3,1
Norte de santander,2020-05-30,3,1,6,1,3,1
Norte de santander,2020-05-31,4,1,6,2,4,1
Norte de santander,2020-06-01,4,1,7,2,4,1
Norte de santander,2020-06-02,4,1,7,3,5,1
Norte de santander,2020-06-03,5,1,8,2,5,1
Norte de santander,2020-06-04,5,2,9,2,5,1
Norte de santander,2020-06-05,6,1,9,3,6,1
Norte de santander,2020-06-06,7,2,10,4,7,1
Norte de santander,2020-06-07,7,2,11,5,8,1
Norte de santander,2020-06-08,8,3,12,5,9,1
Norte de santander,2020-06-09,9,3,13,6,10,1
Norte de santander,2020-06-10,10,5,15,7,11,1
Norte de santander,2020-06-11,11,6,16,8,12,1
Norte de santander,2020-06-12,11,5,16,8,12,1
Norte de santander,2020-06-13,12.5,6,17,10,14,1
Norte de santander,2020-06-14,13,6,17,10,14,1
Norte de santander,2020-06-15,13,8,18,9,13,1
Norte de santander,2020-06-16,12,6,17,9,13,1
Norte de santander,2020-06-17,12,7,17,10,14,1
Norte de santander,2020-06-18,12,6,17,9,13,0.99
Norte de santander,2020-06-19,12,6,17,9,13,0.99
Norte de santander,2020-06-20,12,6,17,9,13,0.99
Norte de santander,2020-06-21,13,7,18,10,14,0.99
Norte de santander,2020-06-22,13,6,18,10,14,0.98
Norte de santander,2020-06-23,14,7,19,9,14,0.98
Norte de santander,2020-06-24,14,7,20,10,15,0.97
Norte de santander,2020-06-25,15,8,21,11,16,0.96
Norte de santander,2020-06-26,17,9,23,14,19,0.95
Norte de santander,2020-06-27,19,11,26,14,20,0.94
Norte de santander,2020-06-28,21,13,29,18,24,0.93
Norte de santander,2020-06-29,24,14,32,18,25,0.9
Norte de santander,2020-06-30,26,17,36,19,27,0.88
Norte de santander,2020-07-01,30,21,41,25,33,0.84
Norte de santander,2020-07-02,33,20,44,26,35,0.8
Quindio,2020-03-10,1,1,1,1,1,1
Quindio,2020-03-11,1,0,1,1,1,1
Quindio,2020-03-12,0,0,0,0,0,1
Quindio,2020-03-13,0,0,1,0,0,1
Quindio,2020-03-14,0,0,1,0,0,1
Quindio,2020-03-15,0,0,1,0,0,1
Quindio,2020-03-16,0,0,1,0,0,1
Quindio,2020-03-17,0,0,1,0,0,1
Quindio,2020-03-18,0,0,1,0,0,1
Quindio,2020-03-19,0,0,1,0,0,1
Quindio,2020-03-20,0,0,1,0,0,1
Quindio,2020-03-21,0,0,1,0,0,1
Quindio,2020-03-22,0,0,1,0,0,1
Quindio,2020-03-23,0,0,1,0,0,1
Quindio,2020-03-24,0,0,1,0,0,1
Quindio,2020-03-25,0,0,1,0,0,1
Quindio,2020-03-26,0,0,1,0,0,1
Quindio,2020-03-27,0,0,1,0,0,1
Quindio,2020-03-28,0,0,1,0,0,1
Quindio,2020-03-29,0,0,1,0,0,1
Quindio,2020-03-30,0,0,1,0,0,1
Quindio,2020-03-31,1,0,2,0,1,1
Quindio,2020-04-01,1,0,2,0,1,1
Quindio,2020-04-02,1,0,2,0,1,1
Quindio,2020-04-03,1,0,2,0,1,1
Quindio,2020-04-04,1,0,3,0,1,1
Quindio,2020-04-05,1,0,3,0,1,1
Quindio,2020-04-06,1,0,3,0,1,1
Quindio,2020-04-07,2,0,4,1,2,1
Quindio,2020-04-08,2,0,4,0,2,1
Quindio,2020-04-09,3,0,5,1,3,1
Quindio,2020-04-10,3,1,6,1,3,1
Quindio,2020-04-11,4,1,6,2,4,1
Quindio,2020-04-12,4,1,7,3,5,1
Quindio,2020-04-13,5,2,8,3,5,1
Quindio,2020-04-14,5,2,8,4,6,1
Quindio,2020-04-15,5,1,8,2,5,1
Quindio,2020-04-16,5,1,8,4,6,1
Quindio,2020-04-17,4,1,8,3,5,1
Quindio,2020-04-18,4,0,6,2,4,1
Quindio,2020-04-19,3,0,5,1,3,1
Quindio,2020-04-20,2,0,3,1,2,1
Quindio,2020-04-21,1,0,3,0,1,1
Quindio,2020-04-22,1,0,2,0,1,1
Quindio,2020-04-23,1,0,2,0,1,1
Quindio,2020-04-24,1,0,2,0,1,1
Quindio,2020-04-25,1,0,2,0,1,1
Quindio,2020-04-26,1,0,2,0,1,1
Quindio,2020-04-27,1,0,3,0,1,1
Quindio,2020-04-28,1,0,2,0,1,1
Quindio,2020-04-29,1,0,3,0,1,1
Quindio,2020-04-30,1,0,3,0,1,1
Quindio,2020-05-01,1,0,3,0,1,1
Quindio,2020-05-02,1,0,3,0,1,1
Quindio,2020-05-03,1,0,3,0,1,1
Quindio,2020-05-04,1,0,3,0,1,1
Quindio,2020-05-05,2,0,3,1,2,1
Quindio,2020-05-06,2,0,3,1,2,1
Quindio,2020-05-07,2,0,3,1,2,1
Quindio,2020-05-08,1,0,3,0,1,1
Quindio,2020-05-09,1,0,3,0,1,1
Quindio,2020-05-10,1,0,3,0,1,1
Quindio,2020-05-11,1,0,3,0,1,1
Quindio,2020-05-12,2,0,3,1,2,1
Quindio,2020-05-13,2,0,4,1,2,1
Quindio,2020-05-14,2,0,4,1,2,1
Quindio,2020-05-15,2,0,4,1,2,1
Quindio,2020-05-16,2,0,4,1,2,1
Quindio,2020-05-17,2,0,4,0,2,1
Quindio,2020-05-18,2,0,4,2,3,1
Quindio,2020-05-19,2,0,5,1,2,1
Quindio,2020-05-20,2,0,4,2,3,1
Quindio,2020-05-21,2,0,4,0,2,1
Quindio,2020-05-22,2,0,4,1,2,1
Quindio,2020-05-23,2,0,4,1,2,1
Quindio,2020-05-24,2,0,3,1,2,1
Quindio,2020-05-25,1,0,3,0,1,1
Quindio,2020-05-26,1,0,3,0,1,1
Quindio,2020-05-27,1,0,3,0,1,1
Quindio,2020-05-28,1,0,3,0,1,1
Quindio,2020-05-29,1,0,3,0,1,1
Quindio,2020-05-30,1,0,3,0,1,1
Quindio,2020-05-31,1,0,3,0,1,1
Quindio,2020-06-01,1,0,3,0,1,1
Quindio,2020-06-02,1,0,3,0,1,1
Quindio,2020-06-03,1,0,3,0,1,1
Quindio,2020-06-04,1,0,3,0,1,1
Quindio,2020-06-05,1,0,3,0,1,1
Quindio,2020-06-06,2,0,4,1,2,1
Quindio,2020-06-07,2,0,4,1,2,1
Quindio,2020-06-08,2,0,4,1,2,1
Quindio,2020-06-09,2,0,5,2,3,0.99
Quindio,2020-06-10,2,0,5,0,2,0.99
Quindio,2020-06-11,2,0,5,0,2,0.99
Quindio,2020-06-12,3,0,5,1,3,0.99
Quindio,2020-06-13,3,0,5,1,3,0.98
Quindio,2020-06-14,3,0,5,1,3,0.98
Quindio,2020-06-15,3,0,5,1,3,0.97
Quindio,2020-06-16,2.5,0,5,1,3,0.96
Quindio,2020-06-17,2,0,5,0,2,0.95
Quindio,2020-06-18,2,0,5,0,2,0.94
Quindio,2020-06-19,3,0,5,1,3,0.92
Quindio,2020-06-20,3,0,5,1,3,0.9
Quindio,2020-06-21,3,0,6,1,3,0.88
Quindio,2020-06-22,3,0,6,1,3,0.84
Quindio,2020-06-23,4,0,7,1,4,0.8
Quindio,2020-06-24,4,0,8,1,4,0.74
Risaralda,2020-03-02,1,1,1,1,1,1
Risaralda,2020-03-03,0,0,0,0,0,1
Risaralda,2020-03-04,0,0,0,0,0,1
Risaralda,2020-03-05,0.5,0,1,0,1,1
Risaralda,2020-03-06,0,0,0,0,0,1
Risaralda,2020-03-07,1,0,1,1,1,1
Risaralda,2020-03-08,0,0,1,0,0,1
Risaralda,2020-03-09,0.5,0,1,0,1,1
Risaralda,2020-03-10,0,0,1,0,0,1
Risaralda,2020-03-11,0.5,0,1,0,1,1
Risaralda,2020-03-12,0,0,1,0,0,1
Risaralda,2020-03-13,0,0,1,0,0,1
Risaralda,2020-03-14,0,0,1,0,0,1
Risaralda,2020-03-15,0,0,1,0,0,1
Risaralda,2020-03-16,0,0,1,0,0,1
Risaralda,2020-03-17,0,0,1,0,0,1
Risaralda,2020-03-18,0,0,1,0,0,1
Risaralda,2020-03-19,0,0,1,0,0,1
Risaralda,2020-03-20,0,0,1,0,0,1
Risaralda,2020-03-21,0,0,1,0,0,1
Risaralda,2020-03-22,0,0,1,0,0,1
Risaralda,2020-03-23,0,0,1,0,0,1
Risaralda,2020-03-24,0,0,1,0,0,1
Risaralda,2020-03-25,0,0,1,0,0,1
Risaralda,2020-03-26,0,0,2,0,0,1
Risaralda,2020-03-27,1,0,2,0,1,1
Risaralda,2020-03-28,1,0,2,0,1,1
Risaralda,2020-03-29,1,0,2,0,1,1
Risaralda,2020-03-30,1,0,3,0,1,1
Risaralda,2020-03-31,1,0,3,0,1,1
Risaralda,2020-04-01,2,0,4,1,2,1
Risaralda,2020-04-02,2,0,4,1,2,1
Risaralda,2020-04-03,2,0,5,0,2,1
Risaralda,2020-04-04,3,0,6,1,3,1
Risaralda,2020-04-05,4,0,7,2,4,1
Risaralda,2020-04-06,5,1,8,2,5,1
Risaralda,2020-04-07,6,2,10,3,6,1
Risaralda,2020-04-08,7,2,11,4,7,1
Risaralda,2020-04-09,8,4,13,5,9,1
Risaralda,2020-04-10,10,4,14,6,10,1
Risaralda,2020-04-11,11,5,16,8,12,1
Risaralda,2020-04-12,13,6,18,10,14,1
Risaralda,2020-04-13,14,8,20,12,16,1
Risaralda,2020-04-14,16,10,22,11,16,1
Risaralda,2020-04-15,16,11,23,12,17,1
Risaralda,2020-04-16,17,9,23,13,18,1
Risaralda,2020-04-17,15,7,21,12,17,1
Risaralda,2020-04-18,13,7,20,10,15,1
Risaralda,2020-04-19,11,5,16,8,12,1
Risaralda,2020-04-20,7,3,12,4,8,1
Risaralda,2020-04-21,5,1,8,2,5,1
Risaralda,2020-04-22,4,1,7,2,4,1
Risaralda,2020-04-23,3,1,6,1,3,1
Risaralda,2020-04-24,3,0,5,1,3,1
Risaralda,2020-04-25,2,1,5,0,2,1
Risaralda,2020-04-26,2,0,4,0,2,1
Risaralda,2020-04-27,2,0,4,1,2,1
Risaralda,2020-04-28,2,0,4,1,2,1
Risaralda,2020-04-29,2,0,4,1,2,1
Risaralda,2020-04-30,2,0,3,1,2,1
Risaralda,2020-05-01,2,0,3,1,2,1
Risaralda,2020-05-02,2,0,4,1,2,1
Risaralda,2020-05-03,2,0,4,1,2,1
Risaralda,2020-05-04,2,0,4,1,2,1
Risaralda,2020-05-05,2,0,4,1,2,1
Risaralda,2020-05-06,2,0,4,1,2,1
Risaralda,2020-05-07,2,0,4,1,2,1
Risaralda,2020-05-08,2,0,4,1,2,1
Risaralda,2020-05-09,2,0,4,1,2,1
Risaralda,2020-05-10,1,0,3,0,1,1
Risaralda,2020-05-11,1,0,3,0,1,1
Risaralda,2020-05-12,1,0,3,0,1,1
Risaralda,2020-05-13,1,0,3,0,1,1
Risaralda,2020-05-14,1,0,3,0,1,1
Risaralda,2020-05-15,1,0,3,0,1,1
Risaralda,2020-05-16,1,0,3,0,1,1
Risaralda,2020-05-17,2,0,4,1,2,1
Risaralda,2020-05-18,2,0,4,1,2,1
Risaralda,2020-05-19,2,0,4,1,2,1
Risaralda,2020-05-20,2,0,4,0,2,1
Risaralda,2020-05-21,2,0,5,0,2,1
Risaralda,2020-05-22,3,0,5,1,3,1
Risaralda,2020-05-23,3,0,5,1,3,1
Risaralda,2020-05-24,3,1,6,1,3,1
Risaralda,2020-05-25,4,0,6,2,4,1
Risaralda,2020-05-26,4,1,7,2,4,1
Risaralda,2020-05-27,4,0,7,3,5,1
Risaralda,2020-05-28,5,1,8,2,5,1
Risaralda,2020-05-29,5,2,9,2,5,1
Risaralda,2020-05-30,6,2,9,3,6,1
Risaralda,2020-05-31,6,2,10,3,6,1
Risaralda,2020-06-01,7,3,11,4,7,1
Risaralda,2020-06-02,7,2,11,5,8,1
Risaralda,2020-06-03,8,3,12,6,9,1
Risaralda,2020-06-04,9,4,13,7,10,1
Risaralda,2020-06-05,9,5,14,6,10,1
Risaralda,2020-06-06,10,5,15,6,10,1
Risaralda,2020-06-07,11,6,16,8,12,1
Risaralda,2020-06-08,11,6,16,8,12,1
Risaralda,2020-06-09,12,7,18,9,13,1
Risaralda,2020-06-10,13,7,18,10,14,0.99
Risaralda,2020-06-11,14,8,19,11,15,0.99
Risaralda,2020-06-12,14,8,20,10,15,0.99
Risaralda,2020-06-13,15,8,20,13,17,0.99
Risaralda,2020-06-14,15,7,20,10,15,0.98
Risaralda,2020-06-15,14,8,20,10,15,0.98
Risaralda,2020-06-16,14,7,19,12,16,0.97
Risaralda,2020-06-17,14,8,19,11,15,0.96
Risaralda,2020-06-18,14,7,19,12,16,0.95
Risaralda,2020-06-19,14,8,20,10,15,0.94
Risaralda,2020-06-20,15,8,21,10,15,0.92
Risaralda,2020-06-21,15,9,22,11,16,0.9
Risaralda,2020-06-22,16,9,23,12,17,0.87
Risaralda,2020-06-23,17,9,24,12,18,0.84
Risaralda,2020-06-24,18,10,27,14,20,0.79
Santander,2020-03-08,1,1,1,1,1,1
Santander,2020-03-09,0,0,0,0,0,1
Santander,2020-03-10,0.5,0,1,0,1,1
Santander,2020-03-11,1,0,1,1,1,1
Santander,2020-03-12,0,0,1,0,0,1
Santander,2020-03-13,0,0,1,0,0,1
Santander,2020-03-14,0,0,1,0,0,1
Santander,2020-03-15,0,0,1,0,0,1
Santander,2020-03-16,0,0,1,0,0,1
Santander,2020-03-17,0,0,1,0,0,1
Santander,2020-03-18,0,0,1,0,0,1
Santander,2020-03-19,0,0,1,0,0,1
Santander,2020-03-20,0,0,1,0,0,1
Santander,2020-03-21,0,0,1,0,0,1
Santander,2020-03-22,0,0,1,0,0,1
Santander,2020-03-23,0,0,1,0,0,1
Santander,2020-03-24,0,0,1,0,0,1
Santander,2020-03-25,0,0,1,0,0,1
Santander,2020-03-26,0,0,1,0,0,1
Santander,2020-03-27,0,0,1,0,0,1
Santander,2020-03-28,0,0,1,0,0,1
Santander,2020-03-29,0,0,1,0,0,1
Santander,2020-03-30,0,0,1,0,0,1
Santander,2020-03-31,0,0,1,0,0,1
Santander,2020-04-01,0,0,1,0,0,1
Santander,2020-04-02,0,0,2,0,0,1
Santander,2020-04-03,1,0,2,0,1,1
Santander,2020-04-04,1,0,2,0,1,1
Santander,2020-04-05,1,0,2,0,1,1
Santander,2020-04-06,1,0,2,0,1,1
Santander,2020-04-07,1,0,3,0,1,1
Santander,2020-04-08,1,0,3,0,1,1
Santander,2020-04-09,2,0,4,1,2,1
Santander,2020-04-10,2,0,4,1,2,1
Santander,2020-04-11,2,0,5,2,3,1
Santander,2020-04-12,3,0,5,1,3,1
Santander,2020-04-13,3,1,6,1,3,1
Santander,2020-04-14,3,1,6,1,3,1
Santander,2020-04-15,3,1,6,1,3,1
Santander,2020-04-16,3,1,6,1,3,1
Santander,2020-04-17,3,0,5,1,3,1
Santander,2020-04-18,2,0,5,0,2,1
Santander,2020-04-19,1,0,4,0,1,1
Santander,2020-04-20,1,0,2,0,1,1
Santander,2020-04-21,0,0,1,0,0,1
Santander,2020-04-22,0,0,1,0,0,1
Santander,2020-04-23,0,0,1,0,0,1
Santander,2020-04-24,0,0,1,0,0,1
Santander,2020-04-25,0,0,1,0,0,1
Santander,2020-04-26,0,0,1,0,0,1
Santander,2020-04-27,0,0,1,0,0,1
Santander,2020-04-28,0,0,1,0,0,1
Santander,2020-04-29,0,0,1,0,0,1
Santander,2020-04-30,0,0,2,0,0,1
Santander,2020-05-01,0,0,2,0,0,1
Santander,2020-05-02,1,0,2,0,1,1
Santander,2020-05-03,1,0,2,0,1,1
Santander,2020-05-04,1,0,2,0,1,1
Santander,2020-05-05,1,0,2,0,1,1
Santander,2020-05-06,1,0,3,0,1,1
Santander,2020-05-07,1,0,3,0,1,1
Santander,2020-05-08,1,0,3,0,1,1
Santander,2020-05-09,2,0,3,1,2,1
Santander,2020-05-10,2,0,4,1,2,1
Santander,2020-05-11,2,0,4,1,2,1
Santander,2020-05-12,2,0,4,0,2,1
Santander,2020-05-13,2,0,4,0,2,1
Santander,2020-05-14,2,0,5,0,2,1
Santander,2020-05-15,3,0,5,1,3,1
Santander,2020-05-16,3,1,6,1,3,1
Santander,2020-05-17,3,0,6,1,3,1
Santander,2020-05-18,4,1,7,2,4,1
Santander,2020-05-19,4,1,8,3,5,1
Santander,2020-05-20,5,2,9,2,5,1
Santander,2020-05-21,6,2,10,3,6,1
Santander,2020-05-22,7,2,11,5,8,1
Santander,2020-05-23,8,3,13,4,8,1
Santander,2020-05-24,9,4,14,6,10,1
Santander,2020-05-25,10,5,15,7,11,1
Santander,2020-05-26,11,7,17,8,12,1
Santander,2020-05-27,13,7,18,10,14,1
Santander,2020-05-28,14,8,19,11,15,1
Santander,2020-05-29,14,7,19,11,15,1
Santander,2020-05-30,14,8,20,10,15,1
Santander,2020-05-31,15,9,21,11,16,1
Santander,2020-06-01,15,9,21,11,16,1
Santander,2020-06-02,16,8,21,12,17,1
Santander,2020-06-03,16,9,22,13,18,1
Santander,2020-06-04,17,9,23,13,18,1
Santander,2020-06-05,18,10,25,15,20,1
Santander,2020-06-06,19,11,26,14,20,1
Santander,2020-06-07,21,13,28,17,23,1
Santander,2020-06-08,23,14,30,19,25,1
Santander,2020-06-09,25,16,33,22,28,1
Santander,2020-06-10,28,19,35,25,31,1
Santander,2020-06-11,30,20,38,25,32,1
Santander,2020-06-12,31,23,40,25,32,1
Santander,2020-06-13,33,23,41,27,34,1
Santander,2020-06-14,34,23,42,29,36,1
Santander,2020-06-15,35,23,42,28,36,1
Santander,2020-06-16,36,25,44,32,39,1
Santander,2020-06-17,36,25,45,30,38,1
Santander,2020-06-18,37,26,46,31,39,0.99
Santander,2020-06-19,38,27,47,32,40,0.99
Santander,2020-06-20,39,29,49,34,42,0.99
Santander,2020-06-21,41,30,51,35,43,0.99
Santander,2020-06-22,43,32,53,38,46,0.98
Santander,2020-06-23,44,33,54,38,47,0.98
Santander,2020-06-24,46,33,55,40,49,0.97
Santander,2020-06-25,48,37,59,41,50,0.97
Santander,2020-06-26,49,37,59,42,51,0.96
Santander,2020-06-27,50,39,60,42,51,0.94
Santander,2020-06-28,51,38,61,45,54,0.93
Santander,2020-06-29,51,38,62,44,53,0.91
Santander,2020-06-30,52,39,63,46,55,0.88
Santander,2020-07-01,52,39,64,46,55,0.85
Santander,2020-07-02,52,39,64,44,54,0.81
Sucre,2020-03-12,1,1,1,1,1,1
Sucre,2020-03-13,0,0,0,0,0,1
Sucre,2020-03-14,1,1,1,1,1,1
Sucre,2020-03-15,1,1,1,1,1,1
Sucre,2020-03-16,0,0,0,0,0,1
Sucre,2020-03-17,0.5,0,1,0,1,1
Sucre,2020-03-18,0.5,0,1,0,1,1
Sucre,2020-03-19,0.5,0,1,0,1,1
Sucre,2020-03-20,0,0,0,0,0,1
Sucre,2020-03-21,0,0,0,0,0,1
Sucre,2020-03-22,0,0,1,0,0,1
Sucre,2020-03-23,0,0,0,0,0,1
Sucre,2020-03-24,0,0,0,0,0,1
Sucre,2020-03-25,0,0,1,0,0,1
Sucre,2020-03-26,0,0,1,0,0,1
Sucre,2020-03-27,0,0,1,0,0,1
Sucre,2020-03-28,0,0,1,0,0,1
Sucre,2020-03-29,0,0,1,0,0,1
Sucre,2020-03-30,0,0,1,0,0,1
Sucre,2020-03-31,0,0,1,0,0,1
Sucre,2020-04-01,0,0,1,0,0,1
Sucre,2020-04-02,0,0,1,0,0,1
Sucre,2020-04-03,0,0,1,0,0,1
Sucre,2020-04-04,0,0,1,0,0,1
Sucre,2020-04-05,0,0,1,0,0,1
Sucre,2020-04-06,0,0,1,0,0,1
Sucre,2020-04-07,0,0,1,0,0,1
Sucre,2020-04-08,0,0,1,0,0,1
Sucre,2020-04-09,0,0,1,0,0,1
Sucre,2020-04-10,0,0,1,0,0,1
Sucre,2020-04-11,0,0,1,0,0,1
Sucre,2020-04-12,0,0,1,0,0,1
Sucre,2020-04-13,0,0,1,0,0,1
Sucre,2020-04-14,0,0,1,0,0,1
Sucre,2020-04-15,0,0,1,0,0,1
Sucre,2020-04-16,0,0,1,0,0,1
Sucre,2020-04-17,0,0,1,0,0,1
Sucre,2020-04-18,0,0,1,0,0,1
Sucre,2020-04-19,0,0,1,0,0,1
Sucre,2020-04-20,0,0,0,0,0,1
Sucre,2020-04-21,0,0,1,0,0,1
Sucre,2020-04-22,0,0,1,0,0,1
Sucre,2020-04-23,0,0,1,0,0,1
Sucre,2020-04-24,0,0,1,0,0,1
Sucre,2020-04-25,0,0,1,0,0,1
Sucre,2020-04-26,0,0,1,0,0,1
Sucre,2020-04-27,0,0,1,0,0,1
Sucre,2020-04-28,0,0,1,0,0,1
Sucre,2020-04-29,0,0,1,0,0,1
Sucre,2020-04-30,0,0,1,0,0,1
Sucre,2020-05-01,0,0,1,0,0,1
Sucre,2020-05-02,0,0,1,0,0,1
Sucre,2020-05-03,0,0,1,0,0,1
Sucre,2020-05-04,0,0,1,0,0,1
Sucre,2020-05-05,0,0,1,0,0,1
Sucre,2020-05-06,0,0,1,0,0,1
Sucre,2020-05-07,0,0,2,0,0,1
Sucre,2020-05-08,0,0,2,0,0,1
Sucre,2020-05-09,0,0,2,0,0,1
Sucre,2020-05-10,1,0,2,0,1,1
Sucre,2020-05-11,1,0,3,0,1,1
Sucre,2020-05-12,1,0,3,0,1,1
Sucre,2020-05-13,1,0,4,0,1,1
Sucre,2020-05-14,2,0,4,0,2,1
Sucre,2020-05-15,2,0,5,0,2,1
Sucre,2020-05-16,3,0,5,1,3,1
Sucre,2020-05-17,3,0,6,2,4,1
Sucre,2020-05-18,4,0,7,1,4,1
Sucre,2020-05-19,5,1,9,2,5,1
Sucre,2020-05-20,6,2,10,3,6,1
Sucre,2020-05-21,7,2,11,3,7,1
Sucre,2020-05-22,8,2,12,4,8,1
Sucre,2020-05-23,9,4,14,6,10,1
Sucre,2020-05-24,10,4,16,7,11,1
Sucre,2020-05-25,12,6,18,8,13,1
Sucre,2020-05-26,14,8,20,9,14,1
Sucre,2020-05-27,15,9,22,12,17,1
Sucre,2020-05-28,17,10,24,14,19,1
Sucre,2020-05-29,19,10,25,13,19,1
Sucre,2020-05-30,20,12,27,15,21,1
Sucre,2020-05-31,21,13,29,17,23,1
Sucre,2020-06-01,23,14,31,19,25,1
Sucre,2020-06-02,25,16,34,18,26,1
Sucre,2020-06-03,27,16,35,21,28,1
Sucre,2020-06-04,29,18,39,22,30,1
Sucre,2020-06-05,32,21,42,28,36,1
Sucre,2020-06-06,35,23,47,29,38,1
Sucre,2020-06-07,39,25,50,34,43,1
Sucre,2020-06-08,43,29,55,36,46,1
Sucre,2020-06-09,47,34,60,40,50,1
Sucre,2020-06-10,52,39,65,45,55,1
Sucre,2020-06-11,58,42,69,51,62,1
Sucre,2020-06-12,62,47,74,56,67,1
Sucre,2020-06-13,66,52,80,62,73,1
Sucre,2020-06-14,70,56,85,65,76,1
Sucre,2020-06-15,74,57,87,65,77,1
Sucre,2020-06-16,78,63,92,70,81,1
Sucre,2020-06-17,82,64,96,72,85,1
Sucre,2020-06-18,87,71,102,78,91,0.99
Sucre,2020-06-19,91,75,105,82,94,0.99
Sucre,2020-06-20,94,76,107,85,97,0.99
Sucre,2020-06-21,96,78,109,90,102,0.99
Sucre,2020-06-22,98,81,113,88,101,0.98
Sucre,2020-06-23,100,82,115,93,105,0.98
Sucre,2020-06-24,102,84,117,93,106,0.97
Sucre,2020-06-25,103,88,119,96,109,0.97
Sucre,2020-06-26,106,89,121,99,111,0.96
Sucre,2020-06-27,106,88,121,99,112,0.94
Sucre,2020-06-28,107,89,123,98,112,0.93
Sucre,2020-06-29,107,88,122,95,109,0.91
Sucre,2020-06-30,106,91,125,96,110,0.88
Sucre,2020-07-01,105,85,121,97,111,0.85
Sucre,2020-07-02,104,84,120,95,109,0.81
Tolima,2020-03-05,1,1,1,1,1,1
Tolima,2020-03-06,0,0,0,0,0,1
Tolima,2020-03-07,0,0,0,0,0,1
Tolima,2020-03-08,0,0,0,0,0,1
Tolima,2020-03-09,0,0,0,0,0,1
Tolima,2020-03-10,0,0,0,0,0,1
Tolima,2020-03-11,1,1,1,1,1,1
Tolima,2020-03-12,0,0,1,0,0,1
Tolima,2020-03-13,0.5,0,1,0,1,1
Tolima,2020-03-14,0.5,0,1,0,1,1
Tolima,2020-03-15,0,0,1,0,0,1
Tolima,2020-03-16,0,0,1,0,0,1
Tolima,2020-03-17,0,0,1,0,0,1
Tolima,2020-03-18,0,0,1,0,0,1
Tolima,2020-03-19,0,0,1,0,0,1
Tolima,2020-03-20,0,0,1,0,0,1
Tolima,2020-03-21,0,0,1,0,0,1
Tolima,2020-03-22,0,0,1,0,0,1
Tolima,2020-03-23,0,0,1,0,0,1
Tolima,2020-03-24,0,0,1,0,0,1
Tolima,2020-03-25,0,0,1,0,0,1
Tolima,2020-03-26,0,0,1,0,0,1
Tolima,2020-03-27,0,0,1,0,0,1
Tolima,2020-03-28,0,0,1,0,0,1
Tolima,2020-03-29,0,0,1,0,0,1
Tolima,2020-03-30,0,0,1,0,0,1
Tolima,2020-03-31,0,0,2,0,0,1
Tolima,2020-04-01,1,0,2,0,1,1
Tolima,2020-04-02,1,0,2,0,1,1
Tolima,2020-04-03,1,0,2,0,1,1
Tolima,2020-04-04,1,0,2,0,1,1
Tolima,2020-04-05,1,0,3,0,1,1
Tolima,2020-04-06,1,0,3,0,1,1
Tolima,2020-04-07,2,0,4,1,2,1
Tolima,2020-04-08,2,0,4,0,2,1
Tolima,2020-04-09,3,0,5,1,3,1
Tolima,2020-04-10,3,0,6,1,3,1
Tolima,2020-04-11,4,0,6,2,4,1
Tolima,2020-04-12,4,1,7,2,4,1
Tolima,2020-04-13,5,1,8,3,5,1
Tolima,2020-04-14,5,2,9,3,6,1
Tolima,2020-04-15,6,2,9,3,6,1
Tolima,2020-04-16,6,1,9,3,6,1
Tolima,2020-04-17,6,2,9,3,6,1
Tolima,2020-04-18,6,2,9,3,6,1
Tolima,2020-04-19,6,2,9,3,6,1
Tolima,2020-04-20,5,1,8,4,6,1
Tolima,2020-04-21,5,1,8,4,6,1
Tolima,2020-04-22,5,1,8,4,6,1
Tolima,2020-04-23,5,1,8,4,6,1
Tolima,2020-04-24,5,1,8,4,6,1
Tolima,2020-04-25,5,2,8,3,5,1
Tolima,2020-04-26,5,1,8,3,5,1
Tolima,2020-04-27,5,2,8,3,5,1
Tolima,2020-04-28,5,2,8,3,5,1
Tolima,2020-04-29,5,1,8,3,5,1
Tolima,2020-04-30,5,1,8,3,5,1
Tolima,2020-05-01,5,1,8,4,6,1
Tolima,2020-05-02,5,1,8,4,6,1
Tolima,2020-05-03,6,2,9,3,6,1
Tolima,2020-05-04,6,2,9,3,6,1
Tolima,2020-05-05,6,3,10,3,6,1
Tolima,2020-05-06,6,2,9,3,6,1
Tolima,2020-05-07,6,2,9,3,6,1
Tolima,2020-05-08,6,1,9,3,6,1
Tolima,2020-05-09,6,2,9,3,6,1
Tolima,2020-05-10,6,3,10,3,6,1
Tolima,2020-05-11,6,3,10,4,7,1
Tolima,2020-05-12,6,2,10,4,7,1
Tolima,2020-05-13,6,2,10,4,7,1
Tolima,2020-05-14,7,2,10,4,7,1
Tolima,2020-05-15,7,2,10,4,7,1
Tolima,2020-05-16,7,3,11,4,7,1
Tolima,2020-05-17,7.5,4,12,5,8,1
Tolima,2020-05-18,8,4,12,5,8,1
Tolima,2020-05-19,8,4,12,6,9,1
Tolima,2020-05-20,8,4,12,6,9,1
Tolima,2020-05-21,7.5,2,11,5,8,1
Tolima,2020-05-22,7,2,11,5,8,1
Tolima,2020-05-23,7,2,11,4,7,1
Tolima,2020-05-24,7,3,11,4,7,1
Tolima,2020-05-25,7,3,11,4,7,1
Tolima,2020-05-26,7,3,11,5,8,1
Tolima,2020-05-27,8,2,12,6,9,1
Tolima,2020-05-28,8,3,13,5,9,1
Tolima,2020-05-29,9,4,14,6,10,1
Tolima,2020-05-30,10,4,15,8,12,1
Tolima,2020-05-31,12,4,17,9,13,1
Tolima,2020-06-01,14,8,20,10,15,1
Tolima,2020-06-02,16,8,22,13,18,1
Tolima,2020-06-03,18,10,24,13,19,1
Tolima,2020-06-04,20,12,26,15,21,1
Tolima,2020-06-05,22,14,30,19,25,1
Tolima,2020-06-06,24,16,32,20,26,1
Tolima,2020-06-07,26,17,34,21,28,1
Tolima,2020-06-08,28,20,37,23,30,1
Tolima,2020-06-09,29,20,37,23,30,1
Tolima,2020-06-10,31,22,39,26,33,1
Tolima,2020-06-11,32,21,40,28,35,1
Tolima,2020-06-12,34,24,43,29,36,1
Tolima,2020-06-13,36,25,44,30,38,1
Tolima,2020-06-14,36,27,46,31,38,1
Tolima,2020-06-15,37,27,47,33,40,1
Tolima,2020-06-16,38,29,48,32,40,1
Tolima,2020-06-17,39,29,48,32,40,1
Tolima,2020-06-18,39,29,49,33,41,0.99
Tolima,2020-06-19,40,31,50,37,44,0.99
Tolima,2020-06-20,40,30,49,34,42,0.99
Tolima,2020-06-21,41,32,51,35,43,0.99
Tolima,2020-06-22,42,30,51,38,46,0.98
Tolima,2020-06-23,43,31,52,35,44,0.98
Tolima,2020-06-24,44,32,53,38,46,0.97
Tolima,2020-06-25,43,33,53,37,45,0.96
Tolima,2020-06-26,42,32,52,36,44,0.95
Tolima,2020-06-27,42,31,52,36,44,0.94
Tolima,2020-06-28,42,30,52,37,45,0.92
Tolima,2020-06-29,43,31,54,37,46,0.9
Tolima,2020-06-30,45,32,57,36,47,0.88
Tolima,2020-07-01,49,32,61,40,51,0.84
Tolima,2020-07-02,52,37,68,43,54,0.8
Valle del cauca,2020-02-20,1,1,1,1,1,1
Valle del cauca,2020-02-21,0,0,0,0,0,1
Valle del cauca,2020-02-22,0,0,0,0,0,1
Valle del cauca,2020-02-23,0,0,0,0,0,1
Valle del cauca,2020-02-24,0,0,0,0,0,1
Valle del cauca,2020-02-25,0,0,0,0,0,1
Valle del cauca,2020-02-26,0,0,0,0,0,1
Valle del cauca,2020-02-27,0,0,0,0,0,1
Valle del cauca,2020-02-28,0,0,0,0,0,1
Valle del cauca,2020-02-29,0,0,0,0,0,1
Valle del cauca,2020-03-01,1,0,1,1,1,1
Valle del cauca,2020-03-02,0,0,1,0,0,1
Valle del cauca,2020-03-03,0,0,1,0,0,1
Valle del cauca,2020-03-04,0,0,1,0,0,1
Valle del cauca,2020-03-05,0,0,1,0,0,1
Valle del cauca,2020-03-06,0,0,1,0,0,1
Valle del cauca,2020-03-07,0,0,1,0,0,1
Valle del cauca,2020-03-08,0,0,1,0,0,1
Valle del cauca,2020-03-09,0,0,1,0,0,1
Valle del cauca,2020-03-10,0,0,1,0,0,1
Valle del cauca,2020-03-11,0,0,1,0,0,1
Valle del cauca,2020-03-12,0,0,1,0,0,1
Valle del cauca,2020-03-13,0,0,1,0,0,1
Valle del cauca,2020-03-14,0,0,1,0,0,1
Valle del cauca,2020-03-15,0,0,1,0,0,1
Valle del cauca,2020-03-16,0,0,1,0,0,1
Valle del cauca,2020-03-17,0,0,1,0,0,1
Valle del cauca,2020-03-18,0,0,1,0,0,1
Valle del cauca,2020-03-19,0,0,2,0,0,1
Valle del cauca,2020-03-20,0,0,2,0,0,1
Valle del cauca,2020-03-21,1,0,2,0,1,1
Valle del cauca,2020-03-22,1,0,2,0,1,1
Valle del cauca,2020-03-23,1,0,3,0,1,1
Valle del cauca,2020-03-24,1,0,3,0,1,1
Valle del cauca,2020-03-25,1,0,4,0,1,1
Valle del cauca,2020-03-26,2,0,4,1,2,1
Valle del cauca,2020-03-27,2,0,5,0,2,1
Valle del cauca,2020-03-28,2,0,6,0,2,1
Valle del cauca,2020-03-29,3,0,8,1,3,1
Valle del cauca,2020-03-30,4,0,8,1,4,1
Valle del cauca,2020-03-31,5,0,10,1,5,1
Valle del cauca,2020-04-01,6,2,13,3,7,1
Valle del cauca,2020-04-02,8,2,15,4,9,1
Valle del cauca,2020-04-03,10,2,18,5,11,1
Valle del cauca,2020-04-04,13,3,21,6,13,1
Valle del cauca,2020-04-05,16,5,24,9,17,1
Valle del cauca,2020-04-06,19,8,29,12,21,1
Valle del cauca,2020-04-07,23,10,34,15,25,1
Valle del cauca,2020-04-08,29,14,39,22,32,1
Valle del cauca,2020-04-09,34,20,47,26,37,1
Valle del cauca,2020-04-10,41,26,55,32,44,1
Valle del cauca,2020-04-11,48,32,62,42,53,1
Valle del cauca,2020-04-12,56,40,68,47,59,1
Valle del cauca,2020-04-13,63,47,76,55,67,1
Valle del cauca,2020-04-14,70.5,54,85,63,75,1
Valle del cauca,2020-04-15,76,60,91,68,80,1
Valle del cauca,2020-04-16,79,61,94,73,85,1
Valle del cauca,2020-04-17,77,59,94,67,81,1
Valle del cauca,2020-04-18,71,53,87,62,76,1
Valle del cauca,2020-04-19,60,45,76,51,64,1
Valle del cauca,2020-04-20,46,32,59,39,50,1
Valle del cauca,2020-04-21,35,23,45,27,36,1
Valle del cauca,2020-04-22,31,20,39,26,33,1
Valle del cauca,2020-04-23,31,23,41,24,32,1
Valle del cauca,2020-04-24,33,23,42,29,36,1
Valle del cauca,2020-04-25,34,25,44,30,37,1
Valle del cauca,2020-04-26,36,25,45,30,38,1
Valle del cauca,2020-04-27,37,26,46,31,39,1
Valle del cauca,2020-04-28,38,27,47,33,41,1
Valle del cauca,2020-04-29,39,29,50,32,40,1
Valle del cauca,2020-04-30,40,29,52,34,43,1
Valle del cauca,2020-05-01,42,30,53,36,45,1
Valle del cauca,2020-05-02,44,32,56,36,46,1
Valle del cauca,2020-05-03,46,35,59,41,50,1
Valle del cauca,2020-05-04,48,34,60,41,51,1
Valle del cauca,2020-05-05,50,38,64,44,54,1
Valle del cauca,2020-05-06,54,39,67,47,58,1
Valle del cauca,2020-05-07,57,42,71,47,59,1
Valle del cauca,2020-05-08,62,48,76,53,65,1
Valle del cauca,2020-05-09,66,49,79,58,70,1
Valle del cauca,2020-05-10,70,54,84,63,75,1
Valle del cauca,2020-05-11,73,57,88,65,77,1
Valle del cauca,2020-05-12,77,62,94,70,82,1
Valle del cauca,2020-05-13,80,62,95,73,86,1
Valle del cauca,2020-05-14,83,65,100,74,88,1
Valle del cauca,2020-05-15,88,70,105,78,92,1
Valle del cauca,2020-05-16,93,73,108,82,96,1
Valle del cauca,2020-05-17,98,78,114,89,103,1
Valle del cauca,2020-05-18,101,81,118,90,105,1
Valle del cauca,2020-05-19,104,86,122,92,107,1
Valle del cauca,2020-05-20,107,90,125,95,110,1
Valle del cauca,2020-05-21,110,90,127,98,113,1
Valle del cauca,2020-05-22,114,93,132,104,118,1
Valle del cauca,2020-05-23,114,95,133,105,120,1
Valle del cauca,2020-05-24,116,97,137,105,121,1
Valle del cauca,2020-05-25,117,97,136,105,121,1
Valle del cauca,2020-05-26,119,101,141,110,126,1
Valle del cauca,2020-05-27,121,101,141,109,126,1
Valle del cauca,2020-05-28,124,103,145,109,127,1
Valle del cauca,2020-05-29,129,107,149,115,133,1
Valle del cauca,2020-05-30,134,113,158,126,143,1
Valle del cauca,2020-05-31,140,118,165,129,147,1
Valle del cauca,2020-06-01,146,119,168,132,152,1
Valle del cauca,2020-06-02,151.5,128,179,141,161,1
Valle del cauca,2020-06-03,158,132,182,147,166,1
Valle del cauca,2020-06-04,166,140,189,153,173,1
Valle del cauca,2020-06-05,172,147,197,156,177,1
Valle del cauca,2020-06-06,178,148,202,165,187,1
Valle del cauca,2020-06-07,183,157,208,171,191,1
Valle del cauca,2020-06-08,190,163,216,179,200,1
Valle del cauca,2020-06-09,196,165,220,182,204,1
Valle del cauca,2020-06-10,202,172,230,190,213,1
Valle del cauca,2020-06-11,209,177,234,194,217,1
Valle del cauca,2020-06-12,217,181,245,202,227,1
Valle del cauca,2020-06-13,224,192,255,212,237,1
Valle del cauca,2020-06-14,230,204,266,211,237,1
Valle del cauca,2020-06-15,239,207,271,223,248,1
Valle del cauca,2020-06-16,248,214,278,230,256,1
Valle del cauca,2020-06-17,256,221,285,236,262,1
Valle del cauca,2020-06-18,267,235,300,255,281,0.99
Valle del cauca,2020-06-19,275,240,304,259,285,0.99
Valle del cauca,2020-06-20,284,251,313,269,295,0.99
Valle del cauca,2020-06-21,291,259,322,274,299,0.99
Valle del cauca,2020-06-22,294,259,324,277,303,0.98
Valle del cauca,2020-06-23,296,263,330,279,306,0.98
Valle del cauca,2020-06-24,304,271,339,284,313,0.97
Valle del cauca,2020-06-25,314,275,345,298,325,0.97
Valle del cauca,2020-06-26,323,282,355,302,332,0.96
Valle del cauca,2020-06-27,331,300,366,317,344,0.95
Valle del cauca,2020-06-28,337,301,371,326,353,0.93
Valle del cauca,2020-06-29,341,307,378,324,353,0.91
Valle del cauca,2020-06-30,344,308,389,325,356,0.88
Valle del cauca,2020-07-01,353,311,394,337,369,0.85
Valle del cauca,2020-07-02,364,322,411,344,380,0.81
